1,1.49E+12,2017-01-25-6-32-16AM,276
2,1.49E+12,2017-01-25-6-32-16AM,281
3,1.49E+12,2017-01-25-6-32-16AM,348
4,1.49E+12,2017-01-25-6-32-16AM,385
5,1.49E+12,2017-01-25-6-32-16AM,405
6,1.49E+12,2017-01-25-6-32-17AM,406
7,1.49E+12,2017-01-25-6-32-17AM,441
8,1.49E+12,2017-01-25-6-32-17AM,413
9,1.49E+12,2017-01-25-6-32-17AM,387
10,1.49E+12,2017-01-25-6-32-17AM,400
11,1.49E+12,2017-01-25-6-32-18AM,435
12,1.49E+12,2017-01-25-6-32-18AM,525
13,1.49E+12,2017-01-25-6-32-18AM,529
14,1.49E+12,2017-01-25-6-32-18AM,586
15,1.49E+12,2017-01-25-6-32-18AM,539
16,1.49E+12,2017-01-25-6-32-18AM,495
17,1.49E+12,2017-01-25-6-32-19AM,506
18,1.49E+12,2017-01-25-6-32-19AM,635
19,1.49E+12,2017-01-25-6-32-19AM,619
20,1.49E+12,2017-01-25-6-32-19AM,597
21,1.49E+12,2017-01-25-6-32-19AM,600
22,1.49E+12,2017-01-25-6-32-20AM,593
23,1.49E+12,2017-01-25-6-32-20AM,483
24,1.49E+12,2017-01-25-6-32-20AM,404
25,1.49E+12,2017-01-25-6-32-20AM,330
26,1.49E+12,2017-01-25-6-32-20AM,274
27,1.49E+12,2017-01-25-6-32-20AM,349
28,1.49E+12,2017-01-25-6-32-21AM,577
29,1.49E+12,2017-01-25-6-32-21AM,662
30,1.49E+12,2017-01-25-6-32-21AM,687
31,1.49E+12,2017-01-25-6-32-21AM,683
32,1.49E+12,2017-01-25-6-32-21AM,663
33,1.49E+12,2017-01-25-6-32-21AM,632
34,1.49E+12,2017-01-25-6-32-22AM,585
35,1.49E+12,2017-01-25-6-32-22AM,515
36,1.49E+12,2017-01-25-6-32-22AM,524
37,1.49E+12,2017-01-25-6-32-22AM,535
38,1.49E+12,2017-01-25-6-32-22AM,563
39,1.49E+12,2017-01-25-6-32-23AM,642
40,1.49E+12,2017-01-25-6-32-23AM,707
41,1.49E+12,2017-01-25-6-32-23AM,670
42,1.49E+12,2017-01-25-6-32-23AM,589
43,1.49E+12,2017-01-25-6-32-23AM,627
44,1.49E+12,2017-01-25-6-32-23AM,639
45,1.49E+12,2017-01-25-6-32-24AM,670
46,1.49E+12,2017-01-25-6-32-24AM,711
47,1.49E+12,2017-01-25-6-32-24AM,656
48,1.49E+12,2017-01-25-6-32-24AM,609
49,1.49E+12,2017-01-25-6-32-24AM,585
50,1.49E+12,2017-01-25-6-32-25AM,588
51,1.49E+12,2017-01-25-6-32-25AM,592
52,1.49E+12,2017-01-25-6-32-25AM,497
53,1.49E+12,2017-01-25-6-32-25AM,423
54,1.49E+12,2017-01-25-6-32-25AM,556
55,1.49E+12,2017-01-25-6-32-25AM,599
56,1.49E+12,2017-01-25-6-32-26AM,599
57,1.49E+12,2017-01-25-6-32-26AM,590
58,1.49E+12,2017-01-25-6-32-26AM,599
59,1.49E+12,2017-01-25-6-32-26AM,625
60,1.49E+12,2017-01-25-6-32-26AM,650
61,1.49E+12,2017-01-25-6-32-27AM,646
62,1.49E+12,2017-01-25-6-32-27AM,620
63,1.49E+12,2017-01-25-6-32-27AM,609
64,1.49E+12,2017-01-25-6-32-27AM,642
65,1.49E+12,2017-01-25-6-32-27AM,636
66,1.49E+12,2017-01-25-6-32-27AM,605
67,1.49E+12,2017-01-25-6-32-28AM,601
68,1.49E+12,2017-01-25-6-32-28AM,655
69,1.49E+12,2017-01-25-6-32-28AM,642
70,1.49E+12,2017-01-25-6-32-28AM,613
71,1.49E+12,2017-01-25-6-32-28AM,665
72,1.49E+12,2017-01-25-6-32-29AM,711
73,1.49E+12,2017-01-25-6-32-29AM,766
74,1.49E+12,2017-01-25-6-32-29AM,771
75,1.49E+12,2017-01-25-6-32-29AM,636
76,1.49E+12,2017-01-25-6-32-29AM,437
77,1.49E+12,2017-01-25-6-32-29AM,249
78,1.49E+12,2017-01-25-6-32-30AM,170
79,1.49E+12,2017-01-25-6-32-30AM,277
80,1.49E+12,2017-01-25-6-32-30AM,373
81,1.49E+12,2017-01-25-6-32-30AM,414
82,1.49E+12,2017-01-25-6-32-30AM,539
83,1.49E+12,2017-01-25-6-32-31AM,612
84,1.49E+12,2017-01-25-6-32-31AM,657
85,1.49E+12,2017-01-25-6-32-31AM,660
86,1.49E+12,2017-01-25-6-32-31AM,671
87,1.49E+12,2017-01-25-6-32-31AM,677
88,1.49E+12,2017-01-25-6-32-31AM,676
89,1.49E+12,2017-01-25-6-32-32AM,591
90,1.49E+12,2017-01-25-6-32-32AM,434
91,1.49E+12,2017-01-25-6-32-32AM,295
92,1.49E+12,2017-01-25-6-32-32AM,392
93,1.49E+12,2017-01-25-6-32-32AM,542
94,1.49E+12,2017-01-25-6-32-32AM,546
95,1.49E+12,2017-01-25-6-32-33AM,418
96,1.49E+12,2017-01-25-6-32-33AM,494
97,1.49E+12,2017-01-25-6-32-33AM,497
98,1.49E+12,2017-01-25-6-32-33AM,543
99,1.49E+12,2017-01-25-6-32-33AM,626
100,1.49E+12,2017-01-25-6-32-34AM,684
101,1.49E+12,2017-01-25-6-32-34AM,682
102,1.49E+12,2017-01-25-6-32-34AM,713
103,1.49E+12,2017-01-25-6-32-34AM,670
104,1.49E+12,2017-01-25-6-32-34AM,584
105,1.49E+12,2017-01-25-6-32-34AM,556
106,1.49E+12,2017-01-25-6-32-35AM,592
107,1.49E+12,2017-01-25-6-32-35AM,657
108,1.49E+12,2017-01-25-6-32-35AM,638
109,1.49E+12,2017-01-25-6-32-35AM,603
110,1.49E+12,2017-01-25-6-32-35AM,592
111,1.49E+12,2017-01-25-6-32-36AM,582
112,1.49E+12,2017-01-25-6-32-36AM,584
113,1.49E+12,2017-01-25-6-32-36AM,614
114,1.49E+12,2017-01-25-6-32-36AM,635
115,1.49E+12,2017-01-25-6-32-36AM,612
116,1.49E+12,2017-01-25-6-32-36AM,582
117,1.49E+12,2017-01-25-6-32-37AM,488
118,1.49E+12,2017-01-25-6-32-37AM,472
119,1.49E+12,2017-01-25-6-32-37AM,572
120,1.49E+12,2017-01-25-6-32-37AM,621
121,1.49E+12,2017-01-25-6-32-37AM,267
122,1.49E+12,2017-01-25-6-32-38AM,259
123,1.49E+12,2017-01-25-6-32-38AM,394
124,1.49E+12,2017-01-25-6-32-38AM,616
125,1.49E+12,2017-01-25-6-32-38AM,633
126,1.49E+12,2017-01-25-6-32-38AM,643
127,1.49E+12,2017-01-25-6-32-38AM,650
128,1.49E+12,2017-01-25-6-32-39AM,635
129,1.49E+12,2017-01-25-6-32-39AM,620
130,1.49E+12,2017-01-25-6-32-39AM,566
131,1.49E+12,2017-01-25-6-32-39AM,612
132,1.49E+12,2017-01-25-6-32-39AM,622
133,1.49E+12,2017-01-25-6-32-40AM,619
134,1.49E+12,2017-01-25-6-32-40AM,537
135,1.49E+12,2017-01-25-6-32-40AM,476
136,1.49E+12,2017-01-25-6-32-40AM,495
137,1.49E+12,2017-01-25-6-32-40AM,592
138,1.49E+12,2017-01-25-6-32-40AM,642
139,1.49E+12,2017-01-25-6-32-41AM,603
140,1.49E+12,2017-01-25-6-32-41AM,671
141,1.49E+12,2017-01-25-6-32-41AM,708
142,1.49E+12,2017-01-25-6-32-41AM,678
143,1.49E+12,2017-01-25-6-32-41AM,591
144,1.49E+12,2017-01-25-6-32-41AM,585
145,1.49E+12,2017-01-25-6-32-42AM,619
146,1.49E+12,2017-01-25-6-32-42AM,715
147,1.49E+12,2017-01-25-6-32-42AM,733
148,1.49E+12,2017-01-25-6-32-42AM,739
149,1.49E+12,2017-01-25-6-32-42AM,654
150,1.49E+12,2017-01-25-6-32-43AM,673
151,1.49E+12,2017-01-25-6-32-43AM,729
152,1.49E+12,2017-01-25-6-32-43AM,681
153,1.49E+12,2017-01-25-6-32-43AM,721
154,1.49E+12,2017-01-25-6-32-43AM,742
155,1.49E+12,2017-01-25-6-32-43AM,738
156,1.49E+12,2017-01-25-6-32-44AM,724
157,1.49E+12,2017-01-25-6-32-44AM,736
158,1.49E+12,2017-01-25-6-32-44AM,739
159,1.49E+12,2017-01-25-6-32-44AM,728
160,1.49E+12,2017-01-25-6-32-44AM,727
161,1.49E+12,2017-01-25-6-32-45AM,730
162,1.49E+12,2017-01-25-6-32-45AM,714
163,1.49E+12,2017-01-25-6-32-45AM,653
164,1.49E+12,2017-01-25-6-32-45AM,459
165,1.49E+12,2017-01-25-6-32-45AM,499
166,1.49E+12,2017-01-25-6-32-45AM,399
167,1.49E+12,2017-01-25-6-32-46AM,314
168,1.49E+12,2017-01-25-6-32-46AM,368
169,1.49E+12,2017-01-25-6-32-46AM,338
170,1.49E+12,2017-01-25-6-32-46AM,311
171,1.49E+12,2017-01-25-6-32-46AM,387
172,1.49E+12,2017-01-25-6-32-47AM,406
173,1.49E+12,2017-01-25-6-32-47AM,408
174,1.49E+12,2017-01-25-6-32-47AM,319
175,1.49E+12,2017-01-25-6-32-47AM,229
176,1.49E+12,2017-01-25-6-32-47AM,230
177,1.49E+12,2017-01-25-6-32-47AM,246
178,1.49E+12,2017-01-25-6-32-48AM,251
179,1.49E+12,2017-01-25-6-32-48AM,257
180,1.49E+12,2017-01-25-6-32-48AM,256
181,1.49E+12,2017-01-25-6-32-48AM,247
182,1.49E+12,2017-01-25-6-32-48AM,255
183,1.49E+12,2017-01-25-6-32-49AM,353
184,1.49E+12,2017-01-25-6-32-49AM,355
185,1.49E+12,2017-01-25-6-32-49AM,335
186,1.49E+12,2017-01-25-6-32-49AM,328
187,1.49E+12,2017-01-25-6-32-49AM,315
188,1.49E+12,2017-01-25-6-32-49AM,242
189,1.49E+12,2017-01-25-6-32-50AM,193
190,1.49E+12,2017-01-25-6-32-50AM,162
191,1.49E+12,2017-01-25-6-32-50AM,187
192,1.49E+12,2017-01-25-6-32-50AM,189
193,1.49E+12,2017-01-25-6-32-50AM,207
194,1.49E+12,2017-01-25-6-32-51AM,151
195,1.49E+12,2017-01-25-6-32-51AM,172
196,1.49E+12,2017-01-25-6-32-51AM,157
197,1.49E+12,2017-01-25-6-32-51AM,162
198,1.49E+12,2017-01-25-6-32-51AM,171
199,1.49E+12,2017-01-25-6-32-51AM,161
200,1.49E+12,2017-01-25-6-32-52AM,129
201,1.49E+12,2017-01-25-6-32-52AM,130
202,1.49E+12,2017-01-25-6-32-52AM,126
203,1.49E+12,2017-01-25-6-32-52AM,130
204,1.49E+12,2017-01-25-6-32-52AM,136
205,1.49E+12,2017-01-25-6-32-52AM,161
206,1.49E+12,2017-01-25-6-32-53AM,199
207,1.49E+12,2017-01-25-6-32-53AM,223
208,1.49E+12,2017-01-25-6-32-53AM,310
209,1.49E+12,2017-01-25-6-32-53AM,364
210,1.49E+12,2017-01-25-6-32-53AM,330
211,1.49E+12,2017-01-25-6-32-54AM,294
212,1.49E+12,2017-01-25-6-32-54AM,240
213,1.49E+12,2017-01-25-6-32-54AM,305
214,1.49E+12,2017-01-25-6-32-54AM,359
215,1.49E+12,2017-01-25-6-32-54AM,369
216,1.49E+12,2017-01-25-6-32-54AM,376
217,1.49E+12,2017-01-25-6-32-55AM,336
218,1.49E+12,2017-01-25-6-32-55AM,300
219,1.49E+12,2017-01-25-6-32-55AM,176
220,1.49E+12,2017-01-25-6-32-55AM,97
221,1.49E+12,2017-01-25-6-32-55AM,87
222,1.49E+12,2017-01-25-6-32-56AM,109
223,1.49E+12,2017-01-25-6-32-56AM,114
224,1.49E+12,2017-01-25-6-32-56AM,127
225,1.49E+12,2017-01-25-6-32-56AM,137
226,1.49E+12,2017-01-25-6-32-56AM,132
227,1.49E+12,2017-01-25-6-32-56AM,129
228,1.49E+12,2017-01-25-6-32-57AM,62
229,1.49E+12,2017-01-25-6-32-57AM,72
230,1.49E+12,2017-01-25-6-32-57AM,81
231,1.49E+12,2017-01-25-6-32-57AM,63
232,1.49E+12,2017-01-25-6-32-57AM,29
233,1.49E+12,2017-01-25-6-32-58AM,39
234,1.49E+12,2017-01-25-6-32-58AM,29
235,1.49E+12,2017-01-25-6-32-58AM,23
236,1.49E+12,2017-01-25-6-32-58AM,23
237,1.49E+12,2017-01-25-6-32-58AM,20
238,1.49E+12,2017-01-25-6-32-58AM,20
239,1.49E+12,2017-01-25-6-32-59AM,28
240,1.49E+12,2017-01-25-6-32-59AM,34
241,1.49E+12,2017-01-25-6-32-59AM,33
242,1.49E+12,2017-01-25-6-32-59AM,38
243,1.49E+12,2017-01-25-6-32-59AM,35
244,1.49E+12,2017-01-25-6-33-00AM,25
245,1.49E+12,2017-01-25-6-33-00AM,22
246,1.49E+12,2017-01-25-6-33-00AM,23
247,1.49E+12,2017-01-25-6-33-00AM,30
248,1.49E+12,2017-01-25-6-33-00AM,39
249,1.49E+12,2017-01-25-6-33-00AM,43
250,1.49E+12,2017-01-25-6-33-01AM,66
251,1.49E+12,2017-01-25-6-33-01AM,103
252,1.49E+12,2017-01-25-6-33-01AM,138
253,1.49E+12,2017-01-25-6-33-01AM,231
254,1.49E+12,2017-01-25-6-33-01AM,350
255,1.49E+12,2017-01-25-6-33-01AM,440
256,1.49E+12,2017-01-25-6-33-02AM,479
257,1.49E+12,2017-01-25-6-33-02AM,567
258,1.49E+12,2017-01-25-6-33-02AM,511
259,1.49E+12,2017-01-25-6-33-02AM,419
260,1.49E+12,2017-01-25-6-33-02AM,297
261,1.49E+12,2017-01-25-6-33-03AM,192
262,1.49E+12,2017-01-25-6-33-03AM,126
263,1.49E+12,2017-01-25-6-33-03AM,83
264,1.49E+12,2017-01-25-6-33-03AM,73
265,1.49E+12,2017-01-25-6-33-03AM,63
266,1.49E+12,2017-01-25-6-33-03AM,57
267,1.49E+12,2017-01-25-6-33-04AM,56
268,1.49E+12,2017-01-25-6-33-04AM,51
269,1.49E+12,2017-01-25-6-33-04AM,64
270,1.49E+12,2017-01-25-6-33-04AM,91
271,1.49E+12,2017-01-25-6-33-04AM,107
272,1.49E+12,2017-01-25-6-33-05AM,156
273,1.49E+12,2017-01-25-6-33-05AM,204
274,1.49E+12,2017-01-25-6-33-05AM,251
275,1.49E+12,2017-01-25-6-33-05AM,290
276,1.49E+12,2017-01-25-6-33-05AM,292
277,1.49E+12,2017-01-25-6-33-05AM,243
278,1.49E+12,2017-01-25-6-33-06AM,198
279,1.49E+12,2017-01-25-6-33-06AM,169
280,1.49E+12,2017-01-25-6-33-06AM,142
281,1.49E+12,2017-01-25-6-33-06AM,140
282,1.49E+12,2017-01-25-6-33-06AM,137
283,1.49E+12,2017-01-25-6-33-07AM,162
284,1.49E+12,2017-01-25-6-33-07AM,225
285,1.49E+12,2017-01-25-6-33-07AM,300
286,1.49E+12,2017-01-25-6-33-07AM,321
287,1.49E+12,2017-01-25-6-33-07AM,284
288,1.49E+12,2017-01-25-6-33-07AM,217
289,1.49E+12,2017-01-25-6-33-08AM,157
290,1.49E+12,2017-01-25-6-33-08AM,91
291,1.49E+12,2017-01-25-6-33-08AM,17
292,1.49E+12,2017-01-25-6-33-08AM,15
293,1.49E+12,2017-01-25-6-33-08AM,15
294,1.49E+12,2017-01-25-6-33-09AM,13
295,1.49E+12,2017-01-25-6-33-09AM,11
296,1.49E+12,2017-01-25-6-33-09AM,10
297,1.49E+12,2017-01-25-6-33-09AM,10
298,1.49E+12,2017-01-25-6-33-09AM,11
299,1.49E+12,2017-01-25-6-33-09AM,23
300,1.49E+12,2017-01-25-6-33-10AM,36
301,1.49E+12,2017-01-25-6-33-10AM,48
302,1.49E+12,2017-01-25-6-33-10AM,85
303,1.49E+12,2017-01-25-6-33-10AM,140
304,1.49E+12,2017-01-25-6-33-10AM,167
305,1.49E+12,2017-01-25-6-33-11AM,180
306,1.49E+12,2017-01-25-6-33-11AM,198
307,1.49E+12,2017-01-25-6-33-11AM,167
308,1.49E+12,2017-01-25-6-33-11AM,108
309,1.49E+12,2017-01-25-6-33-11AM,64
310,1.49E+12,2017-01-25-6-33-11AM,31
311,1.49E+12,2017-01-25-6-33-12AM,5
312,1.49E+12,2017-01-25-6-33-12AM,0
313,1.49E+12,2017-01-25-6-33-12AM,0
314,1.49E+12,2017-01-25-6-33-12AM,0
315,1.49E+12,2017-01-25-6-33-12AM,0
316,1.49E+12,2017-01-25-6-33-12AM,0
317,1.49E+12,2017-01-25-6-33-13AM,0
318,1.49E+12,2017-01-25-6-33-13AM,1
319,1.49E+12,2017-01-25-6-33-13AM,1
320,1.49E+12,2017-01-25-6-33-13AM,2
321,1.49E+12,2017-01-25-6-33-13AM,3
322,1.49E+12,2017-01-25-6-33-14AM,3
323,1.49E+12,2017-01-25-6-33-14AM,4
324,1.49E+12,2017-01-25-6-33-14AM,4
325,1.49E+12,2017-01-25-6-33-14AM,4
326,1.49E+12,2017-01-25-6-33-14AM,4
327,1.49E+12,2017-01-25-6-33-14AM,5
328,1.49E+12,2017-01-25-6-33-15AM,5
329,1.49E+12,2017-01-25-6-33-15AM,6
330,1.49E+12,2017-01-25-6-33-15AM,9
331,1.49E+12,2017-01-25-6-33-15AM,6
332,1.49E+12,2017-01-25-6-33-15AM,5
333,1.49E+12,2017-01-25-6-33-16AM,5
334,1.49E+12,2017-01-25-6-33-16AM,5
335,1.49E+12,2017-01-25-6-33-16AM,5
336,1.49E+12,2017-01-25-6-33-16AM,6
337,1.49E+12,2017-01-25-6-33-16AM,31
338,1.49E+12,2017-01-25-6-33-16AM,46
339,1.49E+12,2017-01-25-6-33-17AM,83
340,1.49E+12,2017-01-25-6-33-17AM,95
341,1.49E+12,2017-01-25-6-33-17AM,83
342,1.49E+12,2017-01-25-6-33-17AM,23
343,1.49E+12,2017-01-25-6-33-17AM,22
344,1.49E+12,2017-01-25-6-33-18AM,19
345,1.49E+12,2017-01-25-6-33-18AM,18
346,1.49E+12,2017-01-25-6-33-18AM,20
347,1.49E+12,2017-01-25-6-33-18AM,22
348,1.49E+12,2017-01-25-6-33-18AM,24
349,1.49E+12,2017-01-25-6-33-18AM,25
350,1.49E+12,2017-01-25-6-33-19AM,25
351,1.49E+12,2017-01-25-6-33-19AM,29
352,1.49E+12,2017-01-25-6-33-19AM,36
353,1.49E+12,2017-01-25-6-33-19AM,38
354,1.49E+12,2017-01-25-6-33-19AM,40
355,1.49E+12,2017-01-25-6-33-20AM,40
356,1.49E+12,2017-01-25-6-33-20AM,36
357,1.49E+12,2017-01-25-6-33-20AM,34
358,1.49E+12,2017-01-25-6-33-20AM,37
359,1.49E+12,2017-01-25-6-33-20AM,37
360,1.49E+12,2017-01-25-6-33-20AM,36
361,1.49E+12,2017-01-25-6-33-21AM,35
362,1.49E+12,2017-01-25-6-33-21AM,36
363,1.49E+12,2017-01-25-6-33-21AM,36
364,1.49E+12,2017-01-25-6-33-21AM,43
365,1.49E+12,2017-01-25-6-33-21AM,50
366,1.49E+12,2017-01-25-6-33-21AM,57
367,1.49E+12,2017-01-25-6-33-22AM,79
368,1.49E+12,2017-01-25-6-33-22AM,98
369,1.49E+12,2017-01-25-6-33-22AM,100
370,1.49E+12,2017-01-25-6-33-22AM,120
371,1.49E+12,2017-01-25-6-33-22AM,176
372,1.49E+12,2017-01-25-6-33-23AM,215
373,1.49E+12,2017-01-25-6-33-23AM,249
374,1.49E+12,2017-01-25-6-33-23AM,351
375,1.49E+12,2017-01-25-6-33-23AM,418
376,1.49E+12,2017-01-25-6-33-23AM,471
377,1.49E+12,2017-01-25-6-33-23AM,501
378,1.49E+12,2017-01-25-6-33-24AM,441
379,1.49E+12,2017-01-25-6-33-24AM,459
380,1.49E+12,2017-01-25-6-33-24AM,396
381,1.49E+12,2017-01-25-6-33-24AM,284
382,1.49E+12,2017-01-25-6-33-24AM,165
383,1.49E+12,2017-01-25-6-33-25AM,134
384,1.49E+12,2017-01-25-6-33-25AM,123
385,1.49E+12,2017-01-25-6-33-25AM,124
386,1.49E+12,2017-01-25-6-33-25AM,140
387,1.49E+12,2017-01-25-6-33-25AM,132
388,1.49E+12,2017-01-25-6-33-25AM,94
389,1.49E+12,2017-01-25-6-33-26AM,62
390,1.49E+12,2017-01-25-6-33-26AM,46
391,1.49E+12,2017-01-25-6-33-26AM,41
392,1.49E+12,2017-01-25-6-33-26AM,47
393,1.49E+12,2017-01-25-6-33-26AM,57
394,1.49E+12,2017-01-25-6-33-27AM,72
395,1.49E+12,2017-01-25-6-33-27AM,81
396,1.49E+12,2017-01-25-6-33-27AM,88
397,1.49E+12,2017-01-25-6-33-27AM,88
398,1.49E+12,2017-01-25-6-33-27AM,88
399,1.49E+12,2017-01-25-6-33-27AM,96
400,1.49E+12,2017-01-25-6-33-28AM,105
401,1.49E+12,2017-01-25-6-33-28AM,93
402,1.49E+12,2017-01-25-6-33-28AM,85
403,1.49E+12,2017-01-25-6-33-28AM,94
404,1.49E+12,2017-01-25-6-33-28AM,95
405,1.49E+12,2017-01-25-6-33-29AM,91
406,1.49E+12,2017-01-25-6-33-29AM,86
407,1.49E+12,2017-01-25-6-33-29AM,86
408,1.49E+12,2017-01-25-6-33-29AM,90
409,1.49E+12,2017-01-25-6-33-29AM,94
410,1.49E+12,2017-01-25-6-33-29AM,89
411,1.49E+12,2017-01-25-6-33-30AM,83
412,1.49E+12,2017-01-25-6-33-30AM,90
413,1.49E+12,2017-01-25-6-33-30AM,94
414,1.49E+12,2017-01-25-6-33-30AM,96
415,1.49E+12,2017-01-25-6-33-30AM,99
416,1.49E+12,2017-01-25-6-33-31AM,99
417,1.49E+12,2017-01-25-6-33-31AM,94
418,1.49E+12,2017-01-25-6-33-31AM,79
419,1.49E+12,2017-01-25-6-33-31AM,83
420,1.49E+12,2017-01-25-6-33-31AM,85
421,1.49E+12,2017-01-25-6-33-31AM,84
422,1.49E+12,2017-01-25-6-33-32AM,77
423,1.49E+12,2017-01-25-6-33-32AM,81
424,1.49E+12,2017-01-25-6-33-32AM,76
425,1.49E+12,2017-01-25-6-33-32AM,69
426,1.49E+12,2017-01-25-6-33-32AM,70
427,1.49E+12,2017-01-25-6-33-32AM,74
428,1.49E+12,2017-01-25-6-33-33AM,79
429,1.49E+12,2017-01-25-6-33-33AM,75
430,1.49E+12,2017-01-25-6-33-33AM,76
431,1.49E+12,2017-01-25-6-33-33AM,73
432,1.49E+12,2017-01-25-6-33-33AM,63
433,1.49E+12,2017-01-25-6-33-34AM,62
434,1.49E+12,2017-01-25-6-33-34AM,61
435,1.49E+12,2017-01-25-6-33-34AM,65
436,1.49E+12,2017-01-25-6-33-34AM,64
437,1.49E+12,2017-01-25-6-33-34AM,68
438,1.49E+12,2017-01-25-6-33-34AM,62
439,1.49E+12,2017-01-25-6-33-35AM,63
440,1.49E+12,2017-01-25-6-33-35AM,64
441,1.49E+12,2017-01-25-6-33-35AM,74
442,1.49E+12,2017-01-25-6-33-35AM,77
443,1.49E+12,2017-01-25-6-33-35AM,73
444,1.49E+12,2017-01-25-6-33-36AM,68
445,1.49E+12,2017-01-25-6-33-36AM,61
446,1.49E+12,2017-01-25-6-33-36AM,56
447,1.49E+12,2017-01-25-6-33-36AM,56
448,1.49E+12,2017-01-25-6-33-36AM,64
449,1.49E+12,2017-01-25-6-33-36AM,58
450,1.49E+12,2017-01-25-6-33-37AM,55
451,1.49E+12,2017-01-25-6-33-37AM,49
452,1.49E+12,2017-01-25-6-33-37AM,44
453,1.49E+12,2017-01-25-6-33-37AM,42
454,1.49E+12,2017-01-25-6-33-37AM,45
455,1.49E+12,2017-01-25-6-33-38AM,53
456,1.49E+12,2017-01-25-6-33-38AM,55
457,1.49E+12,2017-01-25-6-33-38AM,59
458,1.49E+12,2017-01-25-6-33-38AM,60
459,1.49E+12,2017-01-25-6-33-38AM,59
460,1.49E+12,2017-01-25-6-33-38AM,64
461,1.49E+12,2017-01-25-6-33-39AM,71
462,1.49E+12,2017-01-25-6-33-39AM,65
463,1.49E+12,2017-01-25-6-33-39AM,61
464,1.49E+12,2017-01-25-6-33-39AM,64
465,1.49E+12,2017-01-25-6-33-39AM,66
466,1.49E+12,2017-01-25-6-33-40AM,67
467,1.49E+12,2017-01-25-6-33-40AM,66
468,1.49E+12,2017-01-25-6-33-40AM,55
469,1.49E+12,2017-01-25-6-33-40AM,47
470,1.49E+12,2017-01-25-6-33-40AM,45
471,1.49E+12,2017-01-25-6-33-40AM,47
472,1.49E+12,2017-01-25-6-33-41AM,49
473,1.49E+12,2017-01-25-6-33-41AM,56
474,1.49E+12,2017-01-25-6-33-41AM,65
475,1.49E+12,2017-01-25-6-33-41AM,65
476,1.49E+12,2017-01-25-6-33-41AM,70
477,1.49E+12,2017-01-25-6-33-41AM,90
478,1.49E+12,2017-01-25-6-33-42AM,92
479,1.49E+12,2017-01-25-6-33-42AM,100
480,1.49E+12,2017-01-25-6-33-42AM,144
481,1.49E+12,2017-01-25-6-33-42AM,211
482,1.49E+12,2017-01-25-6-33-42AM,223
483,1.49E+12,2017-01-25-6-33-43AM,262
484,1.49E+12,2017-01-25-6-33-43AM,295
485,1.49E+12,2017-01-25-6-33-43AM,305
486,1.49E+12,2017-01-25-6-33-43AM,368
487,1.49E+12,2017-01-25-6-33-43AM,402
488,1.49E+12,2017-01-25-6-33-43AM,405
489,1.49E+12,2017-01-25-6-33-44AM,409
490,1.49E+12,2017-01-25-6-33-44AM,412
491,1.49E+12,2017-01-25-6-33-44AM,419
492,1.49E+12,2017-01-25-6-33-44AM,421
493,1.49E+12,2017-01-25-6-33-44AM,420
494,1.49E+12,2017-01-25-6-33-45AM,417
495,1.49E+12,2017-01-25-6-33-45AM,414
496,1.49E+12,2017-01-25-6-33-45AM,409
497,1.49E+12,2017-01-25-6-33-45AM,408
498,1.49E+12,2017-01-25-6-33-45AM,409
499,1.49E+12,2017-01-25-6-33-45AM,415
500,1.49E+12,2017-01-25-6-33-46AM,407
501,1.49E+12,2017-01-25-6-33-46AM,400
502,1.49E+12,2017-01-25-6-33-46AM,366
503,1.49E+12,2017-01-25-6-33-46AM,229
504,1.49E+12,2017-01-25-6-33-46AM,191
505,1.49E+12,2017-01-25-6-33-47AM,157
506,1.49E+12,2017-01-25-6-33-47AM,107
507,1.49E+12,2017-01-25-6-33-47AM,74
508,1.49E+12,2017-01-25-6-33-47AM,54
509,1.49E+12,2017-01-25-6-33-47AM,50
510,1.49E+12,2017-01-25-6-33-47AM,43
511,1.49E+12,2017-01-25-6-33-48AM,58
512,1.49E+12,2017-01-25-6-33-48AM,65
513,1.49E+12,2017-01-25-6-33-48AM,59
514,1.49E+12,2017-01-25-6-33-48AM,67
515,1.49E+12,2017-01-25-6-33-48AM,100
516,1.49E+12,2017-01-25-6-33-49AM,122
517,1.49E+12,2017-01-25-6-33-49AM,137
518,1.49E+12,2017-01-25-6-33-49AM,149
519,1.49E+12,2017-01-25-6-33-49AM,158
520,1.49E+12,2017-01-25-6-33-49AM,140
521,1.49E+12,2017-01-25-6-33-49AM,108
522,1.49E+12,2017-01-25-6-33-50AM,111
523,1.49E+12,2017-01-25-6-33-50AM,117
524,1.49E+12,2017-01-25-6-33-50AM,111
525,1.49E+12,2017-01-25-6-33-50AM,97
526,1.49E+12,2017-01-25-6-33-50AM,63
527,1.49E+12,2017-01-25-6-33-51AM,37
528,1.49E+12,2017-01-25-6-33-51AM,33
529,1.49E+12,2017-01-25-6-33-51AM,30
530,1.49E+12,2017-01-25-6-33-51AM,28
531,1.49E+12,2017-01-25-6-33-51AM,29
532,1.49E+12,2017-01-25-6-33-51AM,29
533,1.49E+12,2017-01-25-6-33-52AM,31
534,1.49E+12,2017-01-25-6-33-52AM,32
535,1.49E+12,2017-01-25-6-33-52AM,31
536,1.49E+12,2017-01-25-6-33-52AM,31
537,1.49E+12,2017-01-25-6-33-52AM,32
538,1.49E+12,2017-01-25-6-33-52AM,34
539,1.49E+12,2017-01-25-6-33-53AM,37
540,1.49E+12,2017-01-25-6-33-53AM,39
541,1.49E+12,2017-01-25-6-33-53AM,64
542,1.49E+12,2017-01-25-6-33-53AM,79
543,1.49E+12,2017-01-25-6-33-53AM,50
544,1.49E+12,2017-01-25-6-33-54AM,39
545,1.49E+12,2017-01-25-6-33-54AM,35
546,1.49E+12,2017-01-25-6-33-54AM,34
547,1.49E+12,2017-01-25-6-33-54AM,33
548,1.49E+12,2017-01-25-6-33-54AM,29
549,1.49E+12,2017-01-25-6-33-54AM,28
550,1.49E+12,2017-01-25-6-33-55AM,31
551,1.49E+12,2017-01-25-6-33-55AM,35
552,1.49E+12,2017-01-25-6-33-55AM,67
553,1.49E+12,2017-01-25-6-33-55AM,58
554,1.49E+12,2017-01-25-6-33-55AM,53
555,1.49E+12,2017-01-25-6-33-56AM,48
556,1.49E+12,2017-01-25-6-33-56AM,40
557,1.49E+12,2017-01-25-6-33-56AM,38
558,1.49E+12,2017-01-25-6-33-56AM,38
559,1.49E+12,2017-01-25-6-33-56AM,34
560,1.49E+12,2017-01-25-6-33-56AM,30
561,1.49E+12,2017-01-25-6-33-57AM,22
562,1.49E+12,2017-01-25-6-33-57AM,12
563,1.49E+12,2017-01-25-6-33-57AM,8
564,1.49E+12,2017-01-25-6-33-57AM,6
565,1.49E+12,2017-01-25-6-33-57AM,7
566,1.49E+12,2017-01-25-6-33-58AM,8
567,1.49E+12,2017-01-25-6-33-58AM,45
568,1.49E+12,2017-01-25-6-33-58AM,144
569,1.49E+12,2017-01-25-6-33-58AM,234
570,1.49E+12,2017-01-25-6-33-58AM,272
571,1.49E+12,2017-01-25-6-33-58AM,310
572,1.49E+12,2017-01-25-6-33-59AM,311
573,1.49E+12,2017-01-25-6-33-59AM,307
574,1.49E+12,2017-01-25-6-33-59AM,295
575,1.49E+12,2017-01-25-6-33-59AM,294
576,1.49E+12,2017-01-25-6-33-59AM,297
577,1.49E+12,2017-01-25-6-34-00AM,261
578,1.49E+12,2017-01-25-6-34-00AM,140
579,1.49E+12,2017-01-25-6-34-00AM,31
580,1.49E+12,2017-01-25-6-34-00AM,4
581,1.49E+12,2017-01-25-6-34-00AM,4
582,1.49E+12,2017-01-25-6-34-00AM,17
583,1.49E+12,2017-01-25-6-34-01AM,55
584,1.49E+12,2017-01-25-6-34-01AM,47
585,1.49E+12,2017-01-25-6-34-01AM,58
586,1.49E+12,2017-01-25-6-34-01AM,77
587,1.49E+12,2017-01-25-6-34-01AM,104
588,1.49E+12,2017-01-25-6-34-01AM,115
589,1.49E+12,2017-01-25-6-34-02AM,67
590,1.49E+12,2017-01-25-6-34-02AM,46
591,1.49E+12,2017-01-25-6-34-02AM,35
592,1.49E+12,2017-01-25-6-34-02AM,29
593,1.49E+12,2017-01-25-6-34-02AM,17
594,1.49E+12,2017-01-25-6-34-03AM,7
595,1.49E+12,2017-01-25-6-34-03AM,2
596,1.49E+12,2017-01-25-6-34-03AM,3
597,1.49E+12,2017-01-25-6-34-03AM,6
598,1.49E+12,2017-01-25-6-34-03AM,2
599,1.49E+12,2017-01-25-6-34-03AM,2
600,1.49E+12,2017-01-25-6-34-04AM,2
601,1.49E+12,2017-01-25-6-34-04AM,2
602,1.49E+12,2017-01-25-6-34-04AM,2
603,1.49E+12,2017-01-25-6-34-04AM,3
604,1.49E+12,2017-01-25-6-34-04AM,3
605,1.49E+12,2017-01-25-6-34-05AM,3
606,1.49E+12,2017-01-25-6-34-05AM,4
607,1.49E+12,2017-01-25-6-34-05AM,4
608,1.49E+12,2017-01-25-6-34-05AM,5
609,1.49E+12,2017-01-25-6-34-05AM,38
610,1.49E+12,2017-01-25-6-34-05AM,123
611,1.49E+12,2017-01-25-6-34-06AM,154
612,1.49E+12,2017-01-25-6-34-06AM,153
613,1.49E+12,2017-01-25-6-34-06AM,100
614,1.49E+12,2017-01-25-6-34-06AM,19
615,1.49E+12,2017-01-25-6-34-06AM,3
616,1.49E+12,2017-01-25-6-34-07AM,3
617,1.49E+12,2017-01-25-6-34-07AM,2
618,1.49E+12,2017-01-25-6-34-07AM,2
619,1.49E+12,2017-01-25-6-34-07AM,1
620,1.49E+12,2017-01-25-6-34-07AM,1
621,1.49E+12,2017-01-25-6-34-07AM,0
622,1.49E+12,2017-01-25-6-34-08AM,0
623,1.49E+12,2017-01-25-6-34-08AM,0
624,1.49E+12,2017-01-25-6-34-08AM,0
625,1.49E+12,2017-01-25-6-34-08AM,0
626,1.49E+12,2017-01-25-6-34-08AM,0
627,1.49E+12,2017-01-25-6-34-09AM,8
628,1.49E+12,2017-01-25-6-34-09AM,47
629,1.49E+12,2017-01-25-6-34-09AM,102
630,1.49E+12,2017-01-25-6-34-09AM,154
631,1.49E+12,2017-01-25-6-34-09AM,183
632,1.49E+12,2017-01-25-6-34-09AM,153
633,1.49E+12,2017-01-25-6-34-10AM,136
634,1.49E+12,2017-01-25-6-34-10AM,98
635,1.49E+12,2017-01-25-6-34-10AM,62
636,1.49E+12,2017-01-25-6-34-10AM,39
637,1.49E+12,2017-01-25-6-34-10AM,25
638,1.49E+12,2017-01-25-6-34-11AM,17
639,1.49E+12,2017-01-25-6-34-11AM,10
640,1.49E+12,2017-01-25-6-34-11AM,11
641,1.49E+12,2017-01-25-6-34-11AM,12
642,1.49E+12,2017-01-25-6-34-11AM,15
643,1.49E+12,2017-01-25-6-34-11AM,16
644,1.49E+12,2017-01-25-6-34-12AM,18
645,1.49E+12,2017-01-25-6-34-12AM,32
646,1.49E+12,2017-01-25-6-34-12AM,51
647,1.49E+12,2017-01-25-6-34-12AM,115
648,1.49E+12,2017-01-25-6-34-12AM,222
649,1.49E+12,2017-01-25-6-34-12AM,291
650,1.49E+12,2017-01-25-6-34-13AM,321
651,1.49E+12,2017-01-25-6-34-13AM,364
652,1.49E+12,2017-01-25-6-34-13AM,390
653,1.49E+12,2017-01-25-6-34-13AM,355
654,1.49E+12,2017-01-25-6-34-13AM,285
655,1.49E+12,2017-01-25-6-34-14AM,197
656,1.49E+12,2017-01-25-6-34-14AM,145
657,1.49E+12,2017-01-25-6-34-14AM,112
658,1.49E+12,2017-01-25-6-34-14AM,123
659,1.49E+12,2017-01-25-6-34-14AM,196
660,1.49E+12,2017-01-25-6-34-14AM,312
661,1.49E+12,2017-01-25-6-34-15AM,393
662,1.49E+12,2017-01-25-6-34-15AM,431
663,1.49E+12,2017-01-25-6-34-15AM,405
664,1.49E+12,2017-01-25-6-34-15AM,353
665,1.49E+12,2017-01-25-6-34-15AM,293
666,1.49E+12,2017-01-25-6-34-16AM,222
667,1.49E+12,2017-01-25-6-34-16AM,162
668,1.49E+12,2017-01-25-6-34-16AM,180
669,1.49E+12,2017-01-25-6-34-16AM,252
670,1.49E+12,2017-01-25-6-34-16AM,309
671,1.49E+12,2017-01-25-6-34-16AM,368
672,1.49E+12,2017-01-25-6-34-17AM,367
673,1.49E+12,2017-01-25-6-34-17AM,310
674,1.49E+12,2017-01-25-6-34-17AM,243
675,1.49E+12,2017-01-25-6-34-17AM,192
676,1.49E+12,2017-01-25-6-34-17AM,148
677,1.49E+12,2017-01-25-6-34-18AM,134
678,1.49E+12,2017-01-25-6-34-18AM,146
679,1.49E+12,2017-01-25-6-34-18AM,159
680,1.49E+12,2017-01-25-6-34-18AM,191
681,1.49E+12,2017-01-25-6-34-18AM,231
682,1.49E+12,2017-01-25-6-34-18AM,247
683,1.49E+12,2017-01-25-6-34-19AM,220
684,1.49E+12,2017-01-25-6-34-19AM,177
685,1.49E+12,2017-01-25-6-34-19AM,142
686,1.49E+12,2017-01-25-6-34-19AM,100
687,1.49E+12,2017-01-25-6-34-19AM,65
688,1.49E+12,2017-01-25-6-34-20AM,61
689,1.49E+12,2017-01-25-6-34-20AM,80
690,1.49E+12,2017-01-25-6-34-20AM,129
691,1.49E+12,2017-01-25-6-34-20AM,188
692,1.49E+12,2017-01-25-6-34-20AM,306
693,1.49E+12,2017-01-25-6-34-20AM,418
694,1.49E+12,2017-01-25-6-34-21AM,449
695,1.49E+12,2017-01-25-6-34-21AM,448
696,1.49E+12,2017-01-25-6-34-21AM,390
697,1.49E+12,2017-01-25-6-34-21AM,294
698,1.49E+12,2017-01-25-6-34-21AM,253
699,1.49E+12,2017-01-25-6-34-21AM,322
700,1.49E+12,2017-01-25-6-34-22AM,391
701,1.49E+12,2017-01-25-6-34-22AM,433
702,1.49E+12,2017-01-25-6-34-22AM,498
703,1.49E+12,2017-01-25-6-34-22AM,495
704,1.49E+12,2017-01-25-6-34-22AM,378
705,1.49E+12,2017-01-25-6-34-23AM,212
706,1.49E+12,2017-01-25-6-34-23AM,154
707,1.49E+12,2017-01-25-6-34-23AM,144
708,1.49E+12,2017-01-25-6-34-23AM,159
709,1.49E+12,2017-01-25-6-34-23AM,208
710,1.49E+12,2017-01-25-6-34-23AM,347
711,1.49E+12,2017-01-25-6-34-24AM,510
712,1.49E+12,2017-01-25-6-34-24AM,594
713,1.49E+12,2017-01-25-6-34-24AM,520
714,1.49E+12,2017-01-25-6-34-24AM,272
715,1.49E+12,2017-01-25-6-34-24AM,92
716,1.49E+12,2017-01-25-6-34-25AM,60
717,1.49E+12,2017-01-25-6-34-25AM,90
718,1.49E+12,2017-01-25-6-34-25AM,96
719,1.49E+12,2017-01-25-6-34-25AM,120
720,1.49E+12,2017-01-25-6-34-25AM,191
721,1.49E+12,2017-01-25-6-34-25AM,262
722,1.49E+12,2017-01-25-6-34-26AM,312
723,1.49E+12,2017-01-25-6-34-26AM,316
724,1.49E+12,2017-01-25-6-34-26AM,250
725,1.49E+12,2017-01-25-6-34-26AM,110
726,1.49E+12,2017-01-25-6-34-26AM,48
727,1.49E+12,2017-01-25-6-34-27AM,40
728,1.49E+12,2017-01-25-6-34-27AM,92
729,1.49E+12,2017-01-25-6-34-27AM,183
730,1.49E+12,2017-01-25-6-34-27AM,262
731,1.49E+12,2017-01-25-6-34-27AM,372
732,1.49E+12,2017-01-25-6-34-27AM,470
733,1.49E+12,2017-01-25-6-34-28AM,479
734,1.49E+12,2017-01-25-6-34-28AM,348
735,1.49E+12,2017-01-25-6-34-28AM,124
736,1.49E+12,2017-01-25-6-34-28AM,69
737,1.49E+12,2017-01-25-6-34-28AM,60
738,1.49E+12,2017-01-25-6-34-29AM,72
739,1.49E+12,2017-01-25-6-34-29AM,95
740,1.49E+12,2017-01-25-6-34-29AM,200
741,1.49E+12,2017-01-25-6-34-29AM,323
742,1.49E+12,2017-01-25-6-34-29AM,367
743,1.49E+12,2017-01-25-6-34-29AM,361
744,1.49E+12,2017-01-25-6-34-30AM,274
745,1.49E+12,2017-01-25-6-34-30AM,142
746,1.49E+12,2017-01-25-6-34-30AM,57
747,1.49E+12,2017-01-25-6-34-30AM,15
748,1.49E+12,2017-01-25-6-34-30AM,5
749,1.49E+12,2017-01-25-6-34-31AM,6
750,1.49E+12,2017-01-25-6-34-31AM,8
751,1.49E+12,2017-01-25-6-34-31AM,10
752,1.49E+12,2017-01-25-6-34-31AM,14
753,1.49E+12,2017-01-25-6-34-31AM,19
754,1.49E+12,2017-01-25-6-34-31AM,21
755,1.49E+12,2017-01-25-6-34-32AM,22
756,1.49E+12,2017-01-25-6-34-32AM,22
757,1.49E+12,2017-01-25-6-34-32AM,22
758,1.49E+12,2017-01-25-6-34-32AM,22
759,1.49E+12,2017-01-25-6-34-32AM,25
760,1.49E+12,2017-01-25-6-34-32AM,26
761,1.49E+12,2017-01-25-6-34-33AM,25
762,1.49E+12,2017-01-25-6-34-33AM,25
763,1.49E+12,2017-01-25-6-34-33AM,27
764,1.49E+12,2017-01-25-6-34-33AM,26
765,1.49E+12,2017-01-25-6-34-33AM,27
766,1.49E+12,2017-01-25-6-34-34AM,28
767,1.49E+12,2017-01-25-6-34-34AM,26
768,1.49E+12,2017-01-25-6-34-34AM,26
769,1.49E+12,2017-01-25-6-34-34AM,28
770,1.49E+12,2017-01-25-6-34-34AM,30
771,1.49E+12,2017-01-25-6-34-34AM,31
772,1.49E+12,2017-01-25-6-34-35AM,33
773,1.49E+12,2017-01-25-6-34-35AM,37
774,1.49E+12,2017-01-25-6-34-35AM,40
775,1.49E+12,2017-01-25-6-34-35AM,45
776,1.49E+12,2017-01-25-6-34-35AM,50
777,1.49E+12,2017-01-25-6-34-36AM,51
778,1.49E+12,2017-01-25-6-34-36AM,61
779,1.49E+12,2017-01-25-6-34-36AM,79
780,1.49E+12,2017-01-25-6-34-36AM,90
781,1.49E+12,2017-01-25-6-34-36AM,122
782,1.49E+12,2017-01-25-6-34-36AM,140
783,1.49E+12,2017-01-25-6-34-37AM,196
784,1.49E+12,2017-01-25-6-34-37AM,303
785,1.49E+12,2017-01-25-6-34-37AM,348
786,1.49E+12,2017-01-25-6-34-37AM,480
787,1.49E+12,2017-01-25-6-34-37AM,676
788,1.49E+12,2017-01-25-6-34-38AM,807
789,1.49E+12,2017-01-25-6-34-38AM,714
790,1.49E+12,2017-01-25-6-34-38AM,572
791,1.49E+12,2017-01-25-6-34-38AM,534
792,1.49E+12,2017-01-25-6-34-38AM,528
793,1.49E+12,2017-01-25-6-34-38AM,576
794,1.49E+12,2017-01-25-6-34-39AM,594
795,1.49E+12,2017-01-25-6-34-39AM,591
796,1.49E+12,2017-01-25-6-34-39AM,563
797,1.49E+12,2017-01-25-6-34-39AM,668
798,1.49E+12,2017-01-25-6-34-39AM,897
799,1.49E+12,2017-01-25-6-34-40AM,1004
800,1.49E+12,2017-01-25-6-34-40AM,1066
801,1.49E+12,2017-01-25-6-34-40AM,1082
802,1.49E+12,2017-01-25-6-34-40AM,1037
803,1.49E+12,2017-01-25-6-34-40AM,723
804,1.49E+12,2017-01-25-6-34-40AM,596
805,1.49E+12,2017-01-25-6-34-41AM,581
806,1.49E+12,2017-01-25-6-34-41AM,589
807,1.49E+12,2017-01-25-6-34-41AM,568
808,1.49E+12,2017-01-25-6-34-41AM,485
809,1.49E+12,2017-01-25-6-34-41AM,430
810,1.49E+12,2017-01-25-6-34-41AM,310
811,1.49E+12,2017-01-25-6-34-42AM,254
812,1.49E+12,2017-01-25-6-34-42AM,200
813,1.49E+12,2017-01-25-6-34-42AM,166
814,1.49E+12,2017-01-25-6-34-42AM,142
815,1.49E+12,2017-01-25-6-34-42AM,134
816,1.49E+12,2017-01-25-6-34-43AM,144
817,1.49E+12,2017-01-25-6-34-43AM,144
818,1.49E+12,2017-01-25-6-34-43AM,151
819,1.49E+12,2017-01-25-6-34-43AM,171
820,1.49E+12,2017-01-25-6-34-43AM,183
821,1.49E+12,2017-01-25-6-34-43AM,211
822,1.49E+12,2017-01-25-6-34-44AM,222
823,1.49E+12,2017-01-25-6-34-44AM,205
824,1.49E+12,2017-01-25-6-34-44AM,234
825,1.49E+12,2017-01-25-6-34-44AM,273
826,1.49E+12,2017-01-25-6-34-44AM,303
827,1.49E+12,2017-01-25-6-34-45AM,269
828,1.49E+12,2017-01-25-6-34-45AM,228
829,1.49E+12,2017-01-25-6-34-45AM,184
830,1.49E+12,2017-01-25-6-34-45AM,141
831,1.49E+12,2017-01-25-6-34-45AM,124
832,1.49E+12,2017-01-25-6-34-45AM,113
833,1.49E+12,2017-01-25-6-34-46AM,104
834,1.49E+12,2017-01-25-6-34-46AM,96
835,1.49E+12,2017-01-25-6-34-46AM,89
836,1.49E+12,2017-01-25-6-34-46AM,81
837,1.49E+12,2017-01-25-6-34-46AM,72
838,1.49E+12,2017-01-25-6-34-47AM,67
839,1.49E+12,2017-01-25-6-34-47AM,64
840,1.49E+12,2017-01-25-6-34-47AM,63
841,1.49E+12,2017-01-25-6-34-47AM,60
842,1.49E+12,2017-01-25-6-34-47AM,57
843,1.49E+12,2017-01-25-6-34-47AM,54
844,1.49E+12,2017-01-25-6-34-48AM,53
845,1.49E+12,2017-01-25-6-34-48AM,56
846,1.49E+12,2017-01-25-6-34-48AM,51
847,1.49E+12,2017-01-25-6-34-48AM,53
848,1.49E+12,2017-01-25-6-34-48AM,57
849,1.49E+12,2017-01-25-6-34-49AM,57
850,1.49E+12,2017-01-25-6-34-49AM,54
851,1.49E+12,2017-01-25-6-34-49AM,51
852,1.49E+12,2017-01-25-6-34-49AM,46
853,1.49E+12,2017-01-25-6-34-49AM,50
854,1.49E+12,2017-01-25-6-34-49AM,52
855,1.49E+12,2017-01-25-6-34-50AM,52
856,1.49E+12,2017-01-25-6-34-50AM,51
857,1.49E+12,2017-01-25-6-34-50AM,47
858,1.49E+12,2017-01-25-6-34-50AM,41
859,1.49E+12,2017-01-25-6-34-50AM,38
860,1.49E+12,2017-01-25-6-34-51AM,35
861,1.49E+12,2017-01-25-6-34-51AM,32
862,1.49E+12,2017-01-25-6-34-51AM,29
863,1.49E+12,2017-01-25-6-34-51AM,27
864,1.49E+12,2017-01-25-6-34-51AM,24
865,1.49E+12,2017-01-25-6-34-51AM,22
866,1.49E+12,2017-01-25-6-34-52AM,21
867,1.49E+12,2017-01-25-6-34-52AM,21
868,1.49E+12,2017-01-25-6-34-52AM,22
869,1.49E+12,2017-01-25-6-34-52AM,24
870,1.49E+12,2017-01-25-6-34-52AM,99
871,1.49E+12,2017-01-25-6-34-52AM,123
872,1.49E+12,2017-01-25-6-34-53AM,141
873,1.49E+12,2017-01-25-6-34-53AM,103
874,1.49E+12,2017-01-25-6-34-53AM,23
875,1.49E+12,2017-01-25-6-34-53AM,19
876,1.49E+12,2017-01-25-6-34-53AM,19
877,1.49E+12,2017-01-25-6-34-54AM,19
878,1.49E+12,2017-01-25-6-34-54AM,17
879,1.49E+12,2017-01-25-6-34-54AM,18
880,1.49E+12,2017-01-25-6-34-54AM,20
881,1.49E+12,2017-01-25-6-34-54AM,23
882,1.49E+12,2017-01-25-6-34-54AM,25
883,1.49E+12,2017-01-25-6-34-55AM,27
884,1.49E+12,2017-01-25-6-34-55AM,55
885,1.49E+12,2017-01-25-6-34-55AM,62
886,1.49E+12,2017-01-25-6-34-55AM,22
887,1.49E+12,2017-01-25-6-34-55AM,16
888,1.49E+12,2017-01-25-6-34-56AM,11
889,1.49E+12,2017-01-25-6-34-56AM,9
890,1.49E+12,2017-01-25-6-34-56AM,6
891,1.49E+12,2017-01-25-6-34-56AM,6
892,1.49E+12,2017-01-25-6-34-56AM,92
893,1.49E+12,2017-01-25-6-34-56AM,232
894,1.49E+12,2017-01-25-6-34-57AM,350
895,1.49E+12,2017-01-25-6-34-57AM,354
896,1.49E+12,2017-01-25-6-34-57AM,333
897,1.49E+12,2017-01-25-6-34-57AM,231
898,1.49E+12,2017-01-25-6-34-57AM,164
899,1.49E+12,2017-01-25-6-34-58AM,147
900,1.49E+12,2017-01-25-6-34-58AM,101
901,1.49E+12,2017-01-25-6-34-58AM,129
902,1.49E+12,2017-01-25-6-34-58AM,220
903,1.49E+12,2017-01-25-6-34-58AM,354
904,1.49E+12,2017-01-25-6-34-58AM,454
905,1.49E+12,2017-01-25-6-34-59AM,470
906,1.49E+12,2017-01-25-6-34-59AM,322
907,1.49E+12,2017-01-25-6-34-59AM,216
908,1.49E+12,2017-01-25-6-34-59AM,169
909,1.49E+12,2017-01-25-6-34-59AM,143
910,1.49E+12,2017-01-25-6-35-00AM,117
911,1.49E+12,2017-01-25-6-35-00AM,109
912,1.49E+12,2017-01-25-6-35-00AM,180
913,1.49E+12,2017-01-25-6-35-00AM,236
914,1.49E+12,2017-01-25-6-35-00AM,310
915,1.49E+12,2017-01-25-6-35-00AM,314
916,1.49E+12,2017-01-25-6-35-01AM,210
917,1.49E+12,2017-01-25-6-35-01AM,66
918,1.49E+12,2017-01-25-6-35-01AM,43
919,1.49E+12,2017-01-25-6-35-01AM,48
920,1.49E+12,2017-01-25-6-35-01AM,83
921,1.49E+12,2017-01-25-6-35-01AM,110
922,1.49E+12,2017-01-25-6-35-02AM,150
923,1.49E+12,2017-01-25-6-35-02AM,202
924,1.49E+12,2017-01-25-6-35-02AM,308
925,1.49E+12,2017-01-25-6-35-02AM,418
926,1.49E+12,2017-01-25-6-35-02AM,484
927,1.49E+12,2017-01-25-6-35-03AM,415
928,1.49E+12,2017-01-25-6-35-03AM,278
929,1.49E+12,2017-01-25-6-35-03AM,133
930,1.49E+12,2017-01-25-6-35-03AM,82
931,1.49E+12,2017-01-25-6-35-03AM,93
932,1.49E+12,2017-01-25-6-35-03AM,94
933,1.49E+12,2017-01-25-6-35-04AM,130
934,1.49E+12,2017-01-25-6-35-04AM,182
935,1.49E+12,2017-01-25-6-35-04AM,300
936,1.49E+12,2017-01-25-6-35-04AM,371
937,1.49E+12,2017-01-25-6-35-04AM,460
938,1.49E+12,2017-01-25-6-35-05AM,486
939,1.49E+12,2017-01-25-6-35-05AM,430
940,1.49E+12,2017-01-25-6-35-05AM,287
941,1.49E+12,2017-01-25-6-35-05AM,194
942,1.49E+12,2017-01-25-6-35-05AM,193
943,1.49E+12,2017-01-25-6-35-05AM,261
944,1.49E+12,2017-01-25-6-35-06AM,353
945,1.49E+12,2017-01-25-6-35-06AM,431
946,1.49E+12,2017-01-25-6-35-06AM,453
947,1.49E+12,2017-01-25-6-35-06AM,377
948,1.49E+12,2017-01-25-6-35-06AM,194
949,1.49E+12,2017-01-25-6-35-07AM,96
950,1.49E+12,2017-01-25-6-35-07AM,81
951,1.49E+12,2017-01-25-6-35-07AM,77
952,1.49E+12,2017-01-25-6-35-07AM,51
953,1.49E+12,2017-01-25-6-35-07AM,44
954,1.49E+12,2017-01-25-6-35-07AM,60
955,1.49E+12,2017-01-25-6-35-08AM,103
956,1.49E+12,2017-01-25-6-35-08AM,145
957,1.49E+12,2017-01-25-6-35-08AM,198
958,1.49E+12,2017-01-25-6-35-08AM,257
959,1.49E+12,2017-01-25-6-35-08AM,282
960,1.49E+12,2017-01-25-6-35-09AM,236
961,1.49E+12,2017-01-25-6-35-09AM,121
962,1.49E+12,2017-01-25-6-35-09AM,111
963,1.49E+12,2017-01-25-6-35-09AM,135
964,1.49E+12,2017-01-25-6-35-09AM,163
965,1.49E+12,2017-01-25-6-35-09AM,195
966,1.49E+12,2017-01-25-6-35-10AM,190
967,1.49E+12,2017-01-25-6-35-10AM,190
968,1.49E+12,2017-01-25-6-35-10AM,293
969,1.49E+12,2017-01-25-6-35-10AM,398
970,1.49E+12,2017-01-25-6-35-10AM,431
971,1.49E+12,2017-01-25-6-35-11AM,407
972,1.49E+12,2017-01-25-6-35-11AM,321
973,1.49E+12,2017-01-25-6-35-11AM,202
974,1.49E+12,2017-01-25-6-35-11AM,97
975,1.49E+12,2017-01-25-6-35-11AM,61
976,1.49E+12,2017-01-25-6-35-11AM,53
977,1.49E+12,2017-01-25-6-35-12AM,55
978,1.49E+12,2017-01-25-6-35-12AM,48
979,1.49E+12,2017-01-25-6-35-12AM,63
980,1.49E+12,2017-01-25-6-35-12AM,279
981,1.49E+12,2017-01-25-6-35-12AM,470
982,1.49E+12,2017-01-25-6-35-12AM,385
983,1.49E+12,2017-01-25-6-35-13AM,238
984,1.49E+12,2017-01-25-6-35-13AM,156
985,1.49E+12,2017-01-25-6-35-13AM,141
986,1.49E+12,2017-01-25-6-35-13AM,147
987,1.49E+12,2017-01-25-6-35-13AM,144
988,1.49E+12,2017-01-25-6-35-14AM,167
989,1.49E+12,2017-01-25-6-35-14AM,164
990,1.49E+12,2017-01-25-6-35-14AM,163
991,1.49E+12,2017-01-25-6-35-14AM,165
992,1.49E+12,2017-01-25-6-35-14AM,164
993,1.49E+12,2017-01-25-6-35-14AM,168
994,1.49E+12,2017-01-25-6-35-15AM,225
995,1.49E+12,2017-01-25-6-35-15AM,265
996,1.49E+12,2017-01-25-6-35-15AM,265
997,1.49E+12,2017-01-25-6-35-15AM,259
998,1.49E+12,2017-01-25-6-35-15AM,256
999,1.49E+12,2017-01-25-6-35-16AM,219
1000,1.49E+12,2017-01-25-6-35-16AM,182
1001,1.49E+12,2017-01-25-6-35-16AM,143
1002,1.49E+12,2017-01-25-6-35-16AM,93
1003,1.49E+12,2017-01-25-6-35-16AM,62
1004,1.49E+12,2017-01-25-6-35-16AM,48
1005,1.49E+12,2017-01-25-6-35-17AM,48
1006,1.49E+12,2017-01-25-6-35-17AM,43
1007,1.49E+12,2017-01-25-6-35-17AM,49
1008,1.49E+12,2017-01-25-6-35-17AM,58
1009,1.49E+12,2017-01-25-6-35-17AM,75
1010,1.49E+12,2017-01-25-6-35-18AM,113
1011,1.49E+12,2017-01-25-6-35-18AM,155
1012,1.49E+12,2017-01-25-6-35-18AM,256
1013,1.49E+12,2017-01-25-6-35-18AM,351
1014,1.49E+12,2017-01-25-6-35-18AM,380
1015,1.49E+12,2017-01-25-6-35-18AM,379
1016,1.49E+12,2017-01-25-6-35-19AM,375
1017,1.49E+12,2017-01-25-6-35-19AM,353
1018,1.49E+12,2017-01-25-6-35-19AM,278
1019,1.49E+12,2017-01-25-6-35-19AM,187
1020,1.49E+12,2017-01-25-6-35-19AM,111
1021,1.49E+12,2017-01-25-6-35-20AM,68
1022,1.49E+12,2017-01-25-6-35-20AM,36
1023,1.49E+12,2017-01-25-6-35-20AM,27
1024,1.49E+12,2017-01-25-6-35-20AM,26
1025,1.49E+12,2017-01-25-6-35-20AM,23
1026,1.49E+12,2017-01-25-6-35-20AM,22
1027,1.49E+12,2017-01-25-6-35-21AM,23
1028,1.49E+12,2017-01-25-6-35-21AM,24
1029,1.49E+12,2017-01-25-6-35-21AM,25
1030,1.49E+12,2017-01-25-6-35-21AM,21
1031,1.49E+12,2017-01-25-6-35-21AM,21
1032,1.49E+12,2017-01-25-6-35-21AM,31
1033,1.49E+12,2017-01-25-6-35-22AM,34
1034,1.49E+12,2017-01-25-6-35-22AM,22
1035,1.49E+12,2017-01-25-6-35-22AM,21
1036,1.49E+12,2017-01-25-6-35-22AM,26
1037,1.49E+12,2017-01-25-6-35-22AM,32
1038,1.49E+12,2017-01-25-6-35-23AM,34
1039,1.49E+12,2017-01-25-6-35-23AM,39
1040,1.49E+12,2017-01-25-6-35-23AM,56
1041,1.49E+12,2017-01-25-6-35-23AM,55
1042,1.49E+12,2017-01-25-6-35-23AM,91
1043,1.49E+12,2017-01-25-6-35-23AM,106
1044,1.49E+12,2017-01-25-6-35-24AM,190
1045,1.49E+12,2017-01-25-6-35-24AM,305
1046,1.49E+12,2017-01-25-6-35-24AM,310
1047,1.49E+12,2017-01-25-6-35-24AM,332
1048,1.49E+12,2017-01-25-6-35-24AM,356
1049,1.49E+12,2017-01-25-6-35-25AM,319
1050,1.49E+12,2017-01-25-6-35-25AM,279
1051,1.49E+12,2017-01-25-6-35-25AM,277
1052,1.49E+12,2017-01-25-6-35-25AM,314
1053,1.49E+12,2017-01-25-6-35-25AM,366
1054,1.49E+12,2017-01-25-6-35-25AM,432
1055,1.49E+12,2017-01-25-6-35-26AM,445
1056,1.49E+12,2017-01-25-6-35-26AM,466
1057,1.49E+12,2017-01-25-6-35-26AM,464
1058,1.49E+12,2017-01-25-6-35-26AM,455
1059,1.49E+12,2017-01-25-6-35-26AM,418
1060,1.49E+12,2017-01-25-6-35-27AM,365
1061,1.49E+12,2017-01-25-6-35-27AM,336
1062,1.49E+12,2017-01-25-6-35-27AM,371
1063,1.49E+12,2017-01-25-6-35-27AM,385
1064,1.49E+12,2017-01-25-6-35-27AM,383
1065,1.49E+12,2017-01-25-6-35-27AM,373
1066,1.49E+12,2017-01-25-6-35-28AM,337
1067,1.49E+12,2017-01-25-6-35-28AM,309
1068,1.49E+12,2017-01-25-6-35-28AM,285
1069,1.49E+12,2017-01-25-6-35-28AM,222
1070,1.49E+12,2017-01-25-6-35-28AM,211
1071,1.49E+12,2017-01-25-6-35-29AM,227
1072,1.49E+12,2017-01-25-6-35-29AM,250
1073,1.49E+12,2017-01-25-6-35-29AM,267
1074,1.49E+12,2017-01-25-6-35-29AM,213
1075,1.49E+12,2017-01-25-6-35-29AM,179
1076,1.49E+12,2017-01-25-6-35-29AM,205
1077,1.49E+12,2017-01-25-6-35-30AM,263
1078,1.49E+12,2017-01-25-6-35-30AM,242
1079,1.49E+12,2017-01-25-6-35-30AM,220
1080,1.49E+12,2017-01-25-6-35-30AM,222
1081,1.49E+12,2017-01-25-6-35-30AM,223
1082,1.49E+12,2017-01-25-6-35-31AM,217
1083,1.49E+12,2017-01-25-6-35-31AM,225
1084,1.49E+12,2017-01-25-6-35-31AM,220
1085,1.49E+12,2017-01-25-6-35-31AM,162
1086,1.49E+12,2017-01-25-6-35-31AM,124
1087,1.49E+12,2017-01-25-6-35-31AM,104
1088,1.49E+12,2017-01-25-6-35-32AM,98
1089,1.49E+12,2017-01-25-6-35-32AM,96
1090,1.49E+12,2017-01-25-6-35-32AM,78
1091,1.49E+12,2017-01-25-6-35-32AM,78
1092,1.49E+12,2017-01-25-6-35-32AM,147
1093,1.49E+12,2017-01-25-6-35-32AM,165
1094,1.49E+12,2017-01-25-6-35-33AM,171
1095,1.49E+12,2017-01-25-6-35-33AM,174
1096,1.49E+12,2017-01-25-6-35-33AM,201
1097,1.49E+12,2017-01-25-6-35-33AM,198
1098,1.49E+12,2017-01-25-6-35-33AM,185
1099,1.49E+12,2017-01-25-6-35-34AM,199
1100,1.49E+12,2017-01-25-6-35-34AM,197
1101,1.49E+12,2017-01-25-6-35-34AM,249
1102,1.49E+12,2017-01-25-6-35-34AM,321
1103,1.49E+12,2017-01-25-6-35-34AM,385
1104,1.49E+12,2017-01-25-6-35-34AM,441
1105,1.49E+12,2017-01-25-6-35-35AM,494
1106,1.49E+12,2017-01-25-6-35-35AM,571
1107,1.49E+12,2017-01-25-6-35-35AM,613
1108,1.49E+12,2017-01-25-6-35-35AM,622
1109,1.49E+12,2017-01-25-6-35-35AM,614
1110,1.49E+12,2017-01-25-6-35-36AM,570
1111,1.49E+12,2017-01-25-6-35-36AM,546
1112,1.49E+12,2017-01-25-6-35-36AM,528
1113,1.49E+12,2017-01-25-6-35-36AM,512
1114,1.49E+12,2017-01-25-6-35-36AM,544
1115,1.49E+12,2017-01-25-6-35-36AM,583
1116,1.49E+12,2017-01-25-6-35-37AM,603
1117,1.49E+12,2017-01-25-6-35-37AM,604
1118,1.49E+12,2017-01-25-6-35-37AM,603
1119,1.49E+12,2017-01-25-6-35-37AM,604
1120,1.49E+12,2017-01-25-6-35-37AM,604
1121,1.49E+12,2017-01-25-6-35-38AM,603
1122,1.49E+12,2017-01-25-6-35-38AM,601
1123,1.49E+12,2017-01-25-6-35-38AM,603
1124,1.49E+12,2017-01-25-6-35-38AM,603
1125,1.49E+12,2017-01-25-6-35-38AM,604
1126,1.49E+12,2017-01-25-6-35-38AM,605
1127,1.49E+12,2017-01-25-6-35-39AM,604
1128,1.49E+12,2017-01-25-6-35-39AM,604
1129,1.49E+12,2017-01-25-6-35-39AM,605
1130,1.49E+12,2017-01-25-6-35-39AM,603
1131,1.49E+12,2017-01-25-6-35-39AM,604
1132,1.49E+12,2017-01-25-6-35-40AM,606
1133,1.49E+12,2017-01-25-6-35-40AM,607
1134,1.49E+12,2017-01-25-6-35-40AM,607
1135,1.49E+12,2017-01-25-6-35-40AM,605
1136,1.49E+12,2017-01-25-6-35-40AM,605
1137,1.49E+12,2017-01-25-6-35-40AM,603
1138,1.49E+12,2017-01-25-6-35-41AM,594
1139,1.49E+12,2017-01-25-6-35-41AM,582
1140,1.49E+12,2017-01-25-6-35-41AM,590
1141,1.49E+12,2017-01-25-6-35-41AM,596
1142,1.49E+12,2017-01-25-6-35-41AM,598
1143,1.49E+12,2017-01-25-6-35-41AM,595
1144,1.49E+12,2017-01-25-6-35-42AM,586
1145,1.49E+12,2017-01-25-6-35-42AM,596
1146,1.49E+12,2017-01-25-6-35-42AM,601
1147,1.49E+12,2017-01-25-6-35-42AM,600
1148,1.49E+12,2017-01-25-6-35-42AM,599
1149,1.49E+12,2017-01-25-6-35-43AM,599
1150,1.49E+12,2017-01-25-6-35-43AM,600
1151,1.49E+12,2017-01-25-6-35-43AM,598
1152,1.49E+12,2017-01-25-6-35-43AM,599
1153,1.49E+12,2017-01-25-6-35-43AM,599
1154,1.49E+12,2017-01-25-6-35-44AM,598
1155,1.49E+12,2017-01-25-6-35-44AM,598
1156,1.49E+12,2017-01-25-6-35-44AM,600
1157,1.49E+12,2017-01-25-6-35-44AM,603
1158,1.49E+12,2017-01-25-6-35-44AM,599
1159,1.49E+12,2017-01-25-6-35-44AM,598
1160,1.49E+12,2017-01-25-6-35-45AM,590
1161,1.49E+12,2017-01-25-6-35-45AM,533
1162,1.49E+12,2017-01-25-6-35-45AM,513
1163,1.49E+12,2017-01-25-6-35-45AM,524
1164,1.49E+12,2017-01-25-6-35-45AM,617
1165,1.49E+12,2017-01-25-6-35-45AM,607
1166,1.49E+12,2017-01-25-6-35-46AM,650
1167,1.49E+12,2017-01-25-6-35-46AM,726
1168,1.49E+12,2017-01-25-6-35-46AM,729
1169,1.49E+12,2017-01-25-6-35-46AM,711
1170,1.49E+12,2017-01-25-6-35-46AM,696
1171,1.49E+12,2017-01-25-6-35-47AM,230
1172,1.49E+12,2017-01-25-6-35-47AM,104
1173,1.49E+12,2017-01-25-6-35-47AM,122
1174,1.49E+12,2017-01-25-6-35-47AM,417
1175,1.49E+12,2017-01-25-6-35-47AM,53
1176,1.49E+12,2017-01-25-6-35-47AM,736
1177,1.49E+12,2017-01-25-6-35-48AM,733
1178,1.49E+12,2017-01-25-6-35-48AM,687
1179,1.49E+12,2017-01-25-6-35-48AM,637
1180,1.49E+12,2017-01-25-6-35-48AM,702
1181,1.49E+12,2017-01-25-6-35-48AM,699
1182,1.49E+12,2017-01-25-6-35-49AM,668
1183,1.49E+12,2017-01-25-6-35-49AM,694
1184,1.49E+12,2017-01-25-6-35-49AM,700
1185,1.49E+12,2017-01-25-6-35-49AM,696
1186,1.49E+12,2017-01-25-6-35-49AM,695
1187,1.49E+12,2017-01-25-6-35-49AM,691
1188,1.49E+12,2017-01-25-6-35-50AM,692
1189,1.49E+12,2017-01-25-6-35-50AM,695
1190,1.49E+12,2017-01-25-6-35-50AM,695
1191,1.49E+12,2017-01-25-6-35-50AM,696
1192,1.49E+12,2017-01-25-6-35-50AM,694
1193,1.49E+12,2017-01-25-6-35-51AM,682
1194,1.49E+12,2017-01-25-6-35-51AM,722
1195,1.49E+12,2017-01-25-6-35-51AM,723
1196,1.49E+12,2017-01-25-6-35-51AM,721
1197,1.49E+12,2017-01-25-6-35-51AM,726
1198,1.49E+12,2017-01-25-6-35-51AM,736
1199,1.49E+12,2017-01-25-6-35-52AM,734
1200,1.49E+12,2017-01-25-6-35-52AM,733
1201,1.49E+12,2017-01-25-6-35-52AM,724
1202,1.49E+12,2017-01-25-6-35-52AM,724
1203,1.49E+12,2017-01-25-6-35-52AM,753
1204,1.49E+12,2017-01-25-6-35-52AM,785
1205,1.49E+12,2017-01-25-6-35-53AM,866
1206,1.49E+12,2017-01-25-6-35-53AM,1033
1207,1.49E+12,2017-01-25-6-35-53AM,1147
1208,1.49E+12,2017-01-25-6-35-53AM,1065
1209,1.49E+12,2017-01-25-6-35-53AM,911
1210,1.49E+12,2017-01-25-6-35-54AM,809
1211,1.49E+12,2017-01-25-6-35-54AM,723
1212,1.49E+12,2017-01-25-6-35-54AM,740
1213,1.49E+12,2017-01-25-6-35-54AM,757
1214,1.49E+12,2017-01-25-6-35-54AM,771
1215,1.49E+12,2017-01-25-6-35-54AM,782
1216,1.49E+12,2017-01-25-6-35-55AM,787
1217,1.49E+12,2017-01-25-6-35-55AM,788
1218,1.49E+12,2017-01-25-6-35-55AM,749
1219,1.49E+12,2017-01-25-6-35-55AM,691
1220,1.49E+12,2017-01-25-6-35-55AM,584
1221,1.49E+12,2017-01-25-6-35-56AM,615
1222,1.49E+12,2017-01-25-6-35-56AM,719
1223,1.49E+12,2017-01-25-6-35-56AM,696
1224,1.49E+12,2017-01-25-6-35-56AM,704
1225,1.49E+12,2017-01-25-6-35-56AM,703
1226,1.49E+12,2017-01-25-6-35-56AM,706
1227,1.49E+12,2017-01-25-6-35-57AM,664
1228,1.49E+12,2017-01-25-6-35-57AM,691
1229,1.49E+12,2017-01-25-6-35-57AM,681
1230,1.49E+12,2017-01-25-6-35-57AM,599
1231,1.49E+12,2017-01-25-6-35-57AM,562
1232,1.49E+12,2017-01-25-6-35-58AM,519
1233,1.49E+12,2017-01-25-6-35-58AM,499
1234,1.49E+12,2017-01-25-6-35-58AM,497
1235,1.49E+12,2017-01-25-6-35-58AM,492
1236,1.49E+12,2017-01-25-6-35-58AM,483
1237,1.49E+12,2017-01-25-6-35-58AM,542
1238,1.49E+12,2017-01-25-6-35-59AM,595
1239,1.49E+12,2017-01-25-6-35-59AM,610
1240,1.49E+12,2017-01-25-6-35-59AM,533
1241,1.49E+12,2017-01-25-6-35-59AM,487
1242,1.49E+12,2017-01-25-6-35-59AM,472
1243,1.49E+12,2017-01-25-6-36-00AM,412
1244,1.49E+12,2017-01-25-6-36-00AM,329
1245,1.49E+12,2017-01-25-6-36-00AM,227
1246,1.49E+12,2017-01-25-6-36-00AM,179
1247,1.49E+12,2017-01-25-6-36-00AM,179
1248,1.49E+12,2017-01-25-6-36-00AM,260
1249,1.49E+12,2017-01-25-6-36-01AM,241
1250,1.49E+12,2017-01-25-6-36-01AM,271
1251,1.49E+12,2017-01-25-6-36-01AM,278
1252,1.49E+12,2017-01-25-6-36-01AM,499
1253,1.49E+12,2017-01-25-6-36-01AM,685
1254,1.49E+12,2017-01-25-6-36-01AM,730
1255,1.49E+12,2017-01-25-6-36-02AM,739
1256,1.49E+12,2017-01-25-6-36-02AM,632
1257,1.49E+12,2017-01-25-6-36-02AM,566
1258,1.49E+12,2017-01-25-6-36-02AM,584
1259,1.49E+12,2017-01-25-6-36-02AM,601
1260,1.49E+12,2017-01-25-6-36-03AM,600
1261,1.49E+12,2017-01-25-6-36-03AM,620
1262,1.49E+12,2017-01-25-6-36-03AM,617
1263,1.49E+12,2017-01-25-6-36-03AM,662
1264,1.49E+12,2017-01-25-6-36-03AM,605
1265,1.49E+12,2017-01-25-6-36-03AM,578
1266,1.49E+12,2017-01-25-6-36-04AM,535
1267,1.49E+12,2017-01-25-6-36-04AM,533
1268,1.49E+12,2017-01-25-6-36-04AM,549
1269,1.49E+12,2017-01-25-6-36-04AM,556
1270,1.49E+12,2017-01-25-6-36-04AM,561
1271,1.49E+12,2017-01-25-6-36-05AM,580
1272,1.49E+12,2017-01-25-6-36-05AM,581
1273,1.49E+12,2017-01-25-6-36-05AM,600
1274,1.49E+12,2017-01-25-6-36-05AM,608
1275,1.49E+12,2017-01-25-6-36-05AM,610
1276,1.49E+12,2017-01-25-6-36-05AM,602
1277,1.49E+12,2017-01-25-6-36-06AM,601
1278,1.49E+12,2017-01-25-6-36-06AM,585
1279,1.49E+12,2017-01-25-6-36-06AM,585
1280,1.49E+12,2017-01-25-6-36-06AM,586
1281,1.49E+12,2017-01-25-6-36-06AM,590
1282,1.49E+12,2017-01-25-6-36-07AM,602
1283,1.49E+12,2017-01-25-6-36-07AM,642
1284,1.49E+12,2017-01-25-6-36-07AM,676
1285,1.49E+12,2017-01-25-6-36-07AM,706
1286,1.49E+12,2017-01-25-6-36-07AM,725
1287,1.49E+12,2017-01-25-6-36-07AM,691
1288,1.49E+12,2017-01-25-6-36-08AM,602
1289,1.49E+12,2017-01-25-6-36-08AM,694
1290,1.49E+12,2017-01-25-6-36-08AM,733
1291,1.49E+12,2017-01-25-6-36-08AM,769
1292,1.49E+12,2017-01-25-6-36-08AM,769
1293,1.49E+12,2017-01-25-6-36-09AM,754
1294,1.49E+12,2017-01-25-6-36-09AM,756
1295,1.49E+12,2017-01-25-6-36-09AM,778
1296,1.49E+12,2017-01-25-6-36-09AM,821
1297,1.49E+12,2017-01-25-6-36-09AM,802
1298,1.49E+12,2017-01-25-6-36-09AM,789
1299,1.49E+12,2017-01-25-6-36-10AM,803
1300,1.49E+12,2017-01-25-6-36-10AM,820
1301,1.49E+12,2017-01-25-6-36-10AM,833
1302,1.49E+12,2017-01-25-6-36-10AM,655
1303,1.49E+12,2017-01-25-6-36-10AM,617
1304,1.49E+12,2017-01-25-6-36-11AM,877
1305,1.49E+12,2017-01-25-6-36-11AM,700
1306,1.49E+12,2017-01-25-6-36-11AM,612
1307,1.49E+12,2017-01-25-6-36-11AM,309
1308,1.49E+12,2017-01-25-6-36-11AM,521
1309,1.49E+12,2017-01-25-6-36-11AM,832
1310,1.49E+12,2017-01-25-6-36-12AM,774
1311,1.49E+12,2017-01-25-6-36-12AM,717
1312,1.49E+12,2017-01-25-6-36-12AM,570
1313,1.49E+12,2017-01-25-6-36-12AM,511
1314,1.49E+12,2017-01-25-6-36-12AM,610
1315,1.49E+12,2017-01-25-6-36-12AM,705
1316,1.49E+12,2017-01-25-6-36-13AM,451
1317,1.49E+12,2017-01-25-6-36-13AM,428
1318,1.49E+12,2017-01-25-6-36-13AM,583
1319,1.49E+12,2017-01-25-6-36-13AM,623
1320,1.49E+12,2017-01-25-6-36-13AM,716
1321,1.49E+12,2017-01-25-6-36-14AM,738
1322,1.49E+12,2017-01-25-6-36-14AM,532
1323,1.49E+12,2017-01-25-6-36-14AM,469
1324,1.49E+12,2017-01-25-6-36-14AM,481
1325,1.49E+12,2017-01-25-6-36-14AM,599
1326,1.49E+12,2017-01-25-6-36-14AM,679
1327,1.49E+12,2017-01-25-6-36-15AM,616
1328,1.49E+12,2017-01-25-6-36-15AM,575
1329,1.49E+12,2017-01-25-6-36-15AM,502
1330,1.49E+12,2017-01-25-6-36-15AM,466
1331,1.49E+12,2017-01-25-6-36-15AM,588
1332,1.49E+12,2017-01-25-6-36-16AM,675
1333,1.49E+12,2017-01-25-6-36-16AM,549
1334,1.49E+12,2017-01-25-6-36-16AM,591
1335,1.49E+12,2017-01-25-6-36-16AM,619
1336,1.49E+12,2017-01-25-6-36-16AM,626
1337,1.49E+12,2017-01-25-6-36-16AM,666
1338,1.49E+12,2017-01-25-6-36-17AM,613
1339,1.49E+12,2017-01-25-6-36-17AM,599
1340,1.49E+12,2017-01-25-6-36-17AM,521
1341,1.49E+12,2017-01-25-6-36-17AM,436
1342,1.49E+12,2017-01-25-6-36-17AM,515
1343,1.49E+12,2017-01-25-6-36-18AM,532
1344,1.49E+12,2017-01-25-6-36-18AM,313
1345,1.49E+12,2017-01-25-6-36-18AM,155
1346,1.49E+12,2017-01-25-6-36-18AM,185
1347,1.49E+12,2017-01-25-6-36-18AM,483
1348,1.49E+12,2017-01-25-6-36-18AM,335
1349,1.49E+12,2017-01-25-6-36-19AM,218
1350,1.49E+12,2017-01-25-6-36-19AM,174
1351,1.49E+12,2017-01-25-6-36-19AM,248
1352,1.49E+12,2017-01-25-6-36-19AM,342
1353,1.49E+12,2017-01-25-6-36-19AM,482
1354,1.49E+12,2017-01-25-6-36-20AM,636
1355,1.49E+12,2017-01-25-6-36-20AM,620
1356,1.49E+12,2017-01-25-6-36-20AM,476
1357,1.49E+12,2017-01-25-6-36-20AM,390
1358,1.49E+12,2017-01-25-6-36-20AM,342
1359,1.49E+12,2017-01-25-6-36-20AM,394
1360,1.49E+12,2017-01-25-6-36-21AM,398
1361,1.49E+12,2017-01-25-6-36-21AM,399
1362,1.49E+12,2017-01-25-6-36-21AM,341
1363,1.49E+12,2017-01-25-6-36-21AM,348
1364,1.49E+12,2017-01-25-6-36-21AM,354
1365,1.49E+12,2017-01-25-6-36-21AM,372
1366,1.49E+12,2017-01-25-6-36-22AM,351
1367,1.49E+12,2017-01-25-6-36-22AM,336
1368,1.49E+12,2017-01-25-6-36-22AM,329
1369,1.49E+12,2017-01-25-6-36-22AM,323
1370,1.49E+12,2017-01-25-6-36-22AM,336
1371,1.49E+12,2017-01-25-6-36-23AM,340
1372,1.49E+12,2017-01-25-6-36-23AM,354
1373,1.49E+12,2017-01-25-6-36-23AM,352
1374,1.49E+12,2017-01-25-6-36-23AM,345
1375,1.49E+12,2017-01-25-6-36-23AM,347
1376,1.49E+12,2017-01-25-6-36-23AM,368
1377,1.49E+12,2017-01-25-6-36-24AM,348
1378,1.49E+12,2017-01-25-6-36-24AM,338
1379,1.49E+12,2017-01-25-6-36-24AM,342
1380,1.49E+12,2017-01-25-6-36-24AM,330
1381,1.49E+12,2017-01-25-6-36-24AM,337
1382,1.49E+12,2017-01-25-6-36-25AM,345
1383,1.49E+12,2017-01-25-6-36-25AM,315
1384,1.49E+12,2017-01-25-6-36-25AM,322
1385,1.49E+12,2017-01-25-6-36-25AM,327
1386,1.49E+12,2017-01-25-6-36-25AM,324
1387,1.49E+12,2017-01-25-6-36-25AM,315
1388,1.49E+12,2017-01-25-6-36-26AM,362
1389,1.49E+12,2017-01-25-6-36-26AM,462
1390,1.49E+12,2017-01-25-6-36-26AM,501
1391,1.49E+12,2017-01-25-6-36-26AM,369
1392,1.49E+12,2017-01-25-6-36-26AM,326
1393,1.49E+12,2017-01-25-6-36-27AM,276
1394,1.49E+12,2017-01-25-6-36-27AM,253
1395,1.49E+12,2017-01-25-6-36-27AM,220
1396,1.49E+12,2017-01-25-6-36-27AM,226
1397,1.49E+12,2017-01-25-6-36-27AM,357
1398,1.49E+12,2017-01-25-6-36-27AM,441
1399,1.49E+12,2017-01-25-6-36-28AM,471
1400,1.49E+12,2017-01-25-6-36-28AM,468
1401,1.49E+12,2017-01-25-6-36-28AM,468
1402,1.49E+12,2017-01-25-6-36-28AM,602
1403,1.49E+12,2017-01-25-6-36-28AM,655
1404,1.49E+12,2017-01-25-6-36-29AM,665
1405,1.49E+12,2017-01-25-6-36-29AM,629
1406,1.49E+12,2017-01-25-6-36-29AM,638
1407,1.49E+12,2017-01-25-6-36-29AM,653
1408,1.49E+12,2017-01-25-6-36-29AM,672
1409,1.49E+12,2017-01-25-6-36-29AM,678
1410,1.49E+12,2017-01-25-6-36-30AM,609
1411,1.49E+12,2017-01-25-6-36-30AM,423
1412,1.49E+12,2017-01-25-6-36-30AM,349
1413,1.49E+12,2017-01-25-6-36-30AM,328
1414,1.49E+12,2017-01-25-6-36-30AM,336
1415,1.49E+12,2017-01-25-6-36-31AM,297
1416,1.49E+12,2017-01-25-6-36-31AM,286
1417,1.49E+12,2017-01-25-6-36-31AM,299
1418,1.49E+12,2017-01-25-6-36-31AM,306
1419,1.49E+12,2017-01-25-6-36-31AM,342
1420,1.49E+12,2017-01-25-6-36-31AM,322
1421,1.49E+12,2017-01-25-6-36-32AM,310
1422,1.49E+12,2017-01-25-6-36-32AM,356
1423,1.49E+12,2017-01-25-6-36-32AM,337
1424,1.49E+12,2017-01-25-6-36-32AM,320
1425,1.49E+12,2017-01-25-6-36-32AM,337
1426,1.49E+12,2017-01-25-6-36-32AM,331
1427,1.49E+12,2017-01-25-6-36-33AM,344
1428,1.49E+12,2017-01-25-6-36-33AM,370
1429,1.49E+12,2017-01-25-6-36-33AM,372
1430,1.49E+12,2017-01-25-6-36-33AM,343
1431,1.49E+12,2017-01-25-6-36-33AM,336
1432,1.49E+12,2017-01-25-6-36-34AM,329
1433,1.49E+12,2017-01-25-6-36-34AM,363
1434,1.49E+12,2017-01-25-6-36-34AM,370
1435,1.49E+12,2017-01-25-6-36-34AM,454
1436,1.49E+12,2017-01-25-6-36-34AM,487
1437,1.49E+12,2017-01-25-6-36-34AM,546
1438,1.49E+12,2017-01-25-6-36-35AM,670
1439,1.49E+12,2017-01-25-6-36-35AM,672
1440,1.49E+12,2017-01-25-6-36-35AM,547
1441,1.49E+12,2017-01-25-6-36-35AM,486
1442,1.49E+12,2017-01-25-6-36-35AM,535
1443,1.49E+12,2017-01-25-6-36-36AM,652
1444,1.49E+12,2017-01-25-6-36-36AM,694
1445,1.49E+12,2017-01-25-6-36-36AM,655
1446,1.49E+12,2017-01-25-6-36-36AM,664
1447,1.49E+12,2017-01-25-6-36-36AM,675
1448,1.49E+12,2017-01-25-6-36-36AM,659
1449,1.49E+12,2017-01-25-6-36-37AM,652
1450,1.49E+12,2017-01-25-6-36-37AM,666
1451,1.49E+12,2017-01-25-6-36-37AM,671
1452,1.49E+12,2017-01-25-6-36-37AM,635
1453,1.49E+12,2017-01-25-6-36-37AM,579
1454,1.49E+12,2017-01-25-6-36-38AM,577
1455,1.49E+12,2017-01-25-6-36-38AM,582
1456,1.49E+12,2017-01-25-6-36-38AM,580
1457,1.49E+12,2017-01-25-6-36-38AM,578
1458,1.49E+12,2017-01-25-6-36-38AM,566
1459,1.49E+12,2017-01-25-6-36-38AM,487
1460,1.49E+12,2017-01-25-6-36-39AM,397
1461,1.49E+12,2017-01-25-6-36-39AM,362
1462,1.49E+12,2017-01-25-6-36-39AM,347
1463,1.49E+12,2017-01-25-6-36-39AM,360
1464,1.49E+12,2017-01-25-6-36-39AM,404
1465,1.49E+12,2017-01-25-6-36-40AM,479
1466,1.49E+12,2017-01-25-6-36-40AM,506
1467,1.49E+12,2017-01-25-6-36-40AM,499
1468,1.49E+12,2017-01-25-6-36-40AM,473
1469,1.49E+12,2017-01-25-6-36-40AM,446
1470,1.49E+12,2017-01-25-6-36-40AM,426
1471,1.49E+12,2017-01-25-6-36-41AM,388
1472,1.49E+12,2017-01-25-6-36-41AM,320
1473,1.49E+12,2017-01-25-6-36-41AM,311
1474,1.49E+12,2017-01-25-6-36-41AM,270
1475,1.49E+12,2017-01-25-6-36-41AM,278
1476,1.49E+12,2017-01-25-6-36-41AM,298
1477,1.49E+12,2017-01-25-6-36-42AM,316
1478,1.49E+12,2017-01-25-6-36-42AM,329
1479,1.49E+12,2017-01-25-6-36-42AM,329
1480,1.49E+12,2017-01-25-6-36-42AM,326
1481,1.49E+12,2017-01-25-6-36-42AM,332
1482,1.49E+12,2017-01-25-6-36-43AM,360
1483,1.49E+12,2017-01-25-6-36-43AM,401
1484,1.49E+12,2017-01-25-6-36-43AM,470
1485,1.49E+12,2017-01-25-6-36-43AM,550
1486,1.49E+12,2017-01-25-6-36-43AM,573
1487,1.49E+12,2017-01-25-6-36-43AM,589
1488,1.49E+12,2017-01-25-6-36-44AM,599
1489,1.49E+12,2017-01-25-6-36-44AM,631
1490,1.49E+12,2017-01-25-6-36-44AM,647
1491,1.49E+12,2017-01-25-6-36-44AM,640
1492,1.49E+12,2017-01-25-6-36-44AM,596
1493,1.49E+12,2017-01-25-6-36-45AM,617
1494,1.49E+12,2017-01-25-6-36-45AM,580
1495,1.49E+12,2017-01-25-6-36-45AM,516
1496,1.49E+12,2017-01-25-6-36-45AM,573
1497,1.49E+12,2017-01-25-6-36-45AM,449
1498,1.49E+12,2017-01-25-6-36-45AM,312
1499,1.49E+12,2017-01-25-6-36-46AM,277
1500,1.49E+12,2017-01-25-6-36-46AM,241
1501,1.49E+12,2017-01-25-6-36-46AM,230
1502,1.49E+12,2017-01-25-6-36-46AM,216
1503,1.49E+12,2017-01-25-6-36-46AM,234
1504,1.49E+12,2017-01-25-6-36-47AM,398
1505,1.49E+12,2017-01-25-6-36-47AM,432
1506,1.49E+12,2017-01-25-6-36-47AM,319
1507,1.49E+12,2017-01-25-6-36-47AM,200
1508,1.49E+12,2017-01-25-6-36-47AM,141
1509,1.49E+12,2017-01-25-6-36-47AM,143
1510,1.49E+12,2017-01-25-6-36-48AM,160
1511,1.49E+12,2017-01-25-6-36-48AM,187
1512,1.49E+12,2017-01-25-6-36-48AM,226
1513,1.49E+12,2017-01-25-6-36-48AM,288
1514,1.49E+12,2017-01-25-6-36-48AM,388
1515,1.49E+12,2017-01-25-6-36-49AM,405
1516,1.49E+12,2017-01-25-6-36-49AM,416
1517,1.49E+12,2017-01-25-6-36-49AM,419
1518,1.49E+12,2017-01-25-6-36-49AM,436
1519,1.49E+12,2017-01-25-6-36-49AM,420
1520,1.49E+12,2017-01-25-6-36-49AM,415
1521,1.49E+12,2017-01-25-6-36-50AM,409
1522,1.49E+12,2017-01-25-6-36-50AM,400
1523,1.49E+12,2017-01-25-6-36-50AM,403
1524,1.49E+12,2017-01-25-6-36-50AM,405
1525,1.49E+12,2017-01-25-6-36-50AM,405
1526,1.49E+12,2017-01-25-6-36-51AM,401
1527,1.49E+12,2017-01-25-6-36-51AM,398
1528,1.49E+12,2017-01-25-6-36-51AM,402
1529,1.49E+12,2017-01-25-6-36-51AM,403
1530,1.49E+12,2017-01-25-6-36-51AM,402
1531,1.49E+12,2017-01-25-6-36-51AM,400
1532,1.49E+12,2017-01-25-6-36-52AM,404
1533,1.49E+12,2017-01-25-6-36-52AM,402
1534,1.49E+12,2017-01-25-6-36-52AM,410
1535,1.49E+12,2017-01-25-6-36-52AM,401
1536,1.49E+12,2017-01-25-6-36-52AM,397
1537,1.49E+12,2017-01-25-6-36-52AM,399
1538,1.49E+12,2017-01-25-6-36-53AM,402
1539,1.49E+12,2017-01-25-6-36-53AM,406
1540,1.49E+12,2017-01-25-6-36-53AM,405
1541,1.49E+12,2017-01-25-6-36-53AM,394
1542,1.49E+12,2017-01-25-6-36-53AM,406
1543,1.49E+12,2017-01-25-6-36-54AM,406
1544,1.49E+12,2017-01-25-6-36-54AM,403
1545,1.49E+12,2017-01-25-6-36-54AM,397
1546,1.49E+12,2017-01-25-6-36-54AM,397
1547,1.49E+12,2017-01-25-6-36-54AM,403
1548,1.49E+12,2017-01-25-6-36-54AM,401
1549,1.49E+12,2017-01-25-6-36-55AM,398
1550,1.49E+12,2017-01-25-6-36-55AM,403
1551,1.49E+12,2017-01-25-6-36-55AM,401
1552,1.49E+12,2017-01-25-6-36-55AM,402
1553,1.49E+12,2017-01-25-6-36-55AM,399
1554,1.49E+12,2017-01-25-6-36-56AM,402
1555,1.49E+12,2017-01-25-6-36-56AM,402
1556,1.49E+12,2017-01-25-6-36-56AM,400
1557,1.49E+12,2017-01-25-6-36-56AM,399
1558,1.49E+12,2017-01-25-6-36-56AM,349
1559,1.49E+12,2017-01-25-6-36-56AM,215
1560,1.49E+12,2017-01-25-6-36-57AM,214
1561,1.49E+12,2017-01-25-6-36-57AM,438
1562,1.49E+12,2017-01-25-6-36-57AM,626
1563,1.49E+12,2017-01-25-6-36-57AM,630
1564,1.49E+12,2017-01-25-6-36-57AM,619
1565,1.49E+12,2017-01-25-6-36-58AM,614
1566,1.49E+12,2017-01-25-6-36-58AM,614
1567,1.49E+12,2017-01-25-6-36-58AM,619
1568,1.49E+12,2017-01-25-6-36-58AM,573
1569,1.49E+12,2017-01-25-6-36-58AM,581
1570,1.49E+12,2017-01-25-6-36-58AM,576
1571,1.49E+12,2017-01-25-6-36-59AM,605
1572,1.49E+12,2017-01-25-6-36-59AM,591
1573,1.49E+12,2017-01-25-6-36-59AM,521
1574,1.49E+12,2017-01-25-6-36-59AM,455
1575,1.49E+12,2017-01-25-6-36-59AM,372
1576,1.49E+12,2017-01-25-6-37-00AM,317
1577,1.49E+12,2017-01-25-6-37-00AM,361
1578,1.49E+12,2017-01-25-6-37-00AM,493
1579,1.49E+12,2017-01-25-6-37-00AM,159
1580,1.49E+12,2017-01-25-6-37-00AM,96
1581,1.49E+12,2017-01-25-6-37-00AM,84
1582,1.49E+12,2017-01-25-6-37-01AM,84
1583,1.49E+12,2017-01-25-6-37-01AM,78
1584,1.49E+12,2017-01-25-6-37-01AM,161
1585,1.49E+12,2017-01-25-6-37-01AM,504
1586,1.49E+12,2017-01-25-6-37-01AM,533
1587,1.49E+12,2017-01-25-6-37-01AM,522
1588,1.49E+12,2017-01-25-6-37-02AM,524
1589,1.49E+12,2017-01-25-6-37-02AM,521
1590,1.49E+12,2017-01-25-6-37-02AM,467
1591,1.49E+12,2017-01-25-6-37-02AM,454
1592,1.49E+12,2017-01-25-6-37-02AM,436
1593,1.49E+12,2017-01-25-6-37-03AM,371
1594,1.49E+12,2017-01-25-6-37-03AM,301
1595,1.49E+12,2017-01-25-6-37-03AM,268
1596,1.49E+12,2017-01-25-6-37-03AM,314
1597,1.49E+12,2017-01-25-6-37-03AM,398
1598,1.49E+12,2017-01-25-6-37-03AM,402
1599,1.49E+12,2017-01-25-6-37-04AM,365
1600,1.49E+12,2017-01-25-6-37-04AM,331
1601,1.49E+12,2017-01-25-6-37-04AM,298
1602,1.49E+12,2017-01-25-6-37-04AM,257
1603,1.49E+12,2017-01-25-6-37-04AM,309
1604,1.49E+12,2017-01-25-6-37-05AM,412
1605,1.49E+12,2017-01-25-6-37-05AM,438
1606,1.49E+12,2017-01-25-6-37-05AM,391
1607,1.49E+12,2017-01-25-6-37-05AM,350
1608,1.49E+12,2017-01-25-6-37-05AM,284
1609,1.49E+12,2017-01-25-6-37-05AM,341
1610,1.49E+12,2017-01-25-6-37-06AM,403
1611,1.49E+12,2017-01-25-6-37-06AM,412
1612,1.49E+12,2017-01-25-6-37-06AM,356
1613,1.49E+12,2017-01-25-6-37-06AM,266
1614,1.49E+12,2017-01-25-6-37-06AM,260
1615,1.49E+12,2017-01-25-6-37-07AM,382
1616,1.49E+12,2017-01-25-6-37-07AM,416
1617,1.49E+12,2017-01-25-6-37-07AM,394
1618,1.49E+12,2017-01-25-6-37-07AM,326
1619,1.49E+12,2017-01-25-6-37-07AM,320
1620,1.49E+12,2017-01-25-6-37-07AM,393
1621,1.49E+12,2017-01-25-6-37-08AM,414
1622,1.49E+12,2017-01-25-6-37-08AM,376
1623,1.49E+12,2017-01-25-6-37-08AM,277
1624,1.49E+12,2017-01-25-6-37-08AM,214
1625,1.49E+12,2017-01-25-6-37-08AM,264
1626,1.49E+12,2017-01-25-6-37-09AM,409
1627,1.49E+12,2017-01-25-6-37-09AM,397
1628,1.49E+12,2017-01-25-6-37-09AM,333
1629,1.49E+12,2017-01-25-6-37-09AM,339
1630,1.49E+12,2017-01-25-6-37-09AM,540
1631,1.49E+12,2017-01-25-6-37-09AM,617
1632,1.49E+12,2017-01-25-6-37-10AM,644
1633,1.49E+12,2017-01-25-6-37-10AM,643
1634,1.49E+12,2017-01-25-6-37-10AM,635
1635,1.49E+12,2017-01-25-6-37-10AM,602
1636,1.49E+12,2017-01-25-6-37-10AM,601
1637,1.49E+12,2017-01-25-6-37-10AM,626
1638,1.49E+12,2017-01-25-6-37-11AM,634
1639,1.49E+12,2017-01-25-6-37-11AM,566
1640,1.49E+12,2017-01-25-6-37-11AM,436
1641,1.49E+12,2017-01-25-6-37-11AM,333
1642,1.49E+12,2017-01-25-6-37-11AM,270
1643,1.49E+12,2017-01-25-6-37-12AM,203
1644,1.49E+12,2017-01-25-6-37-12AM,177
1645,1.49E+12,2017-01-25-6-37-12AM,131
1646,1.49E+12,2017-01-25-6-37-12AM,131
1647,1.49E+12,2017-01-25-6-37-12AM,269
1648,1.49E+12,2017-01-25-6-37-12AM,377
1649,1.49E+12,2017-01-25-6-37-13AM,498
1650,1.49E+12,2017-01-25-6-37-13AM,594
1651,1.49E+12,2017-01-25-6-37-13AM,659
1652,1.49E+12,2017-01-25-6-37-13AM,662
1653,1.49E+12,2017-01-25-6-37-13AM,629
1654,1.49E+12,2017-01-25-6-37-14AM,578
1655,1.49E+12,2017-01-25-6-37-14AM,458
1656,1.49E+12,2017-01-25-6-37-14AM,342
1657,1.49E+12,2017-01-25-6-37-14AM,232
1658,1.49E+12,2017-01-25-6-37-14AM,229
1659,1.49E+12,2017-01-25-6-37-14AM,260
1660,1.49E+12,2017-01-25-6-37-15AM,272
1661,1.49E+12,2017-01-25-6-37-15AM,278
1662,1.49E+12,2017-01-25-6-37-15AM,301
1663,1.49E+12,2017-01-25-6-37-15AM,399
1664,1.49E+12,2017-01-25-6-37-15AM,507
1665,1.49E+12,2017-01-25-6-37-16AM,588
1666,1.49E+12,2017-01-25-6-37-16AM,639
1667,1.49E+12,2017-01-25-6-37-16AM,632
1668,1.49E+12,2017-01-25-6-37-16AM,617
1669,1.49E+12,2017-01-25-6-37-16AM,579
1670,1.49E+12,2017-01-25-6-37-16AM,477
1671,1.49E+12,2017-01-25-6-37-17AM,313
1672,1.49E+12,2017-01-25-6-37-17AM,238
1673,1.49E+12,2017-01-25-6-37-17AM,241
1674,1.49E+12,2017-01-25-6-37-17AM,266
1675,1.49E+12,2017-01-25-6-37-17AM,281
1676,1.49E+12,2017-01-25-6-37-18AM,303
1677,1.49E+12,2017-01-25-6-37-18AM,328
1678,1.49E+12,2017-01-25-6-37-18AM,443
1679,1.49E+12,2017-01-25-6-37-18AM,583
1680,1.49E+12,2017-01-25-6-37-18AM,614
1681,1.49E+12,2017-01-25-6-37-18AM,606
1682,1.49E+12,2017-01-25-6-37-19AM,617
1683,1.49E+12,2017-01-25-6-37-19AM,567
1684,1.49E+12,2017-01-25-6-37-19AM,479
1685,1.49E+12,2017-01-25-6-37-19AM,462
1686,1.49E+12,2017-01-25-6-37-19AM,384
1687,1.49E+12,2017-01-25-6-37-20AM,343
1688,1.49E+12,2017-01-25-6-37-20AM,292
1689,1.49E+12,2017-01-25-6-37-20AM,272
1690,1.49E+12,2017-01-25-6-37-20AM,352
1691,1.49E+12,2017-01-25-6-37-20AM,410
1692,1.49E+12,2017-01-25-6-37-20AM,472
1693,1.49E+12,2017-01-25-6-37-21AM,512
1694,1.49E+12,2017-01-25-6-37-21AM,564
1695,1.49E+12,2017-01-25-6-37-21AM,589
1696,1.49E+12,2017-01-25-6-37-21AM,653
1697,1.49E+12,2017-01-25-6-37-21AM,607
1698,1.49E+12,2017-01-25-6-37-21AM,605
1699,1.49E+12,2017-01-25-6-37-22AM,613
1700,1.49E+12,2017-01-25-6-37-22AM,621
1701,1.49E+12,2017-01-25-6-37-22AM,633
1702,1.49E+12,2017-01-25-6-37-22AM,636
1703,1.49E+12,2017-01-25-6-37-22AM,643
1704,1.49E+12,2017-01-25-6-37-23AM,644
1705,1.49E+12,2017-01-25-6-37-23AM,638
1706,1.49E+12,2017-01-25-6-37-23AM,641
1707,1.49E+12,2017-01-25-6-37-23AM,642
1708,1.49E+12,2017-01-25-6-37-23AM,638
1709,1.49E+12,2017-01-25-6-37-23AM,640
1710,1.49E+12,2017-01-25-6-37-24AM,644
1711,1.49E+12,2017-01-25-6-37-24AM,588
1712,1.49E+12,2017-01-25-6-37-24AM,537
1713,1.49E+12,2017-01-25-6-37-24AM,579
1714,1.49E+12,2017-01-25-6-37-24AM,581
1715,1.49E+12,2017-01-25-6-37-25AM,587
1716,1.49E+12,2017-01-25-6-37-25AM,591
1717,1.49E+12,2017-01-25-6-37-25AM,593
1718,1.49E+12,2017-01-25-6-37-25AM,597
1719,1.49E+12,2017-01-25-6-37-25AM,594
1720,1.49E+12,2017-01-25-6-37-25AM,597
1721,1.49E+12,2017-01-25-6-37-26AM,594
1722,1.49E+12,2017-01-25-6-37-26AM,592
1723,1.49E+12,2017-01-25-6-37-26AM,598
1724,1.49E+12,2017-01-25-6-37-26AM,599
1725,1.49E+12,2017-01-25-6-37-26AM,508
1726,1.49E+12,2017-01-25-6-37-27AM,390
1727,1.49E+12,2017-01-25-6-37-27AM,423
1728,1.49E+12,2017-01-25-6-37-27AM,584
1729,1.49E+12,2017-01-25-6-37-27AM,617
1730,1.49E+12,2017-01-25-6-37-27AM,652
1731,1.49E+12,2017-01-25-6-37-27AM,601
1732,1.49E+12,2017-01-25-6-37-28AM,541
1733,1.49E+12,2017-01-25-6-37-28AM,482
1734,1.49E+12,2017-01-25-6-37-28AM,483
1735,1.49E+12,2017-01-25-6-37-28AM,487
1736,1.49E+12,2017-01-25-6-37-28AM,505
1737,1.49E+12,2017-01-25-6-37-29AM,471
1738,1.49E+12,2017-01-25-6-37-29AM,406
1739,1.49E+12,2017-01-25-6-37-29AM,382
1740,1.49E+12,2017-01-25-6-37-29AM,357
1741,1.49E+12,2017-01-25-6-37-29AM,376
1742,1.49E+12,2017-01-25-6-37-29AM,318
1743,1.49E+12,2017-01-25-6-37-30AM,308
1744,1.49E+12,2017-01-25-6-37-30AM,274
1745,1.49E+12,2017-01-25-6-37-30AM,248
1746,1.49E+12,2017-01-25-6-37-30AM,200
1747,1.49E+12,2017-01-25-6-37-30AM,186
1748,1.49E+12,2017-01-25-6-37-31AM,195
1749,1.49E+12,2017-01-25-6-37-31AM,331
1750,1.49E+12,2017-01-25-6-37-31AM,464
1751,1.49E+12,2017-01-25-6-37-31AM,394
1752,1.49E+12,2017-01-25-6-37-31AM,329
1753,1.49E+12,2017-01-25-6-37-31AM,423
1754,1.49E+12,2017-01-25-6-37-32AM,560
1755,1.49E+12,2017-01-25-6-37-32AM,572
1756,1.49E+12,2017-01-25-6-37-32AM,535
1757,1.49E+12,2017-01-25-6-37-32AM,433
1758,1.49E+12,2017-01-25-6-37-32AM,470
1759,1.49E+12,2017-01-25-6-37-32AM,565
1760,1.49E+12,2017-01-25-6-37-33AM,560
1761,1.49E+12,2017-01-25-6-37-33AM,474
1762,1.49E+12,2017-01-25-6-37-33AM,478
1763,1.49E+12,2017-01-25-6-37-33AM,519
1764,1.49E+12,2017-01-25-6-37-33AM,365
1765,1.49E+12,2017-01-25-6-37-34AM,295
1766,1.49E+12,2017-01-25-6-37-34AM,440
1767,1.49E+12,2017-01-25-6-37-34AM,530
1768,1.49E+12,2017-01-25-6-37-34AM,470
1769,1.49E+12,2017-01-25-6-37-34AM,395
1770,1.49E+12,2017-01-25-6-37-34AM,486
1771,1.49E+12,2017-01-25-6-37-35AM,435
1772,1.49E+12,2017-01-25-6-37-35AM,346
1773,1.49E+12,2017-01-25-6-37-35AM,469
1774,1.49E+12,2017-01-25-6-37-35AM,515
1775,1.49E+12,2017-01-25-6-37-35AM,475
1776,1.49E+12,2017-01-25-6-37-36AM,517
1777,1.49E+12,2017-01-25-6-37-36AM,461
1778,1.49E+12,2017-01-25-6-37-36AM,268
1779,1.49E+12,2017-01-25-6-37-36AM,476
1780,1.49E+12,2017-01-25-6-37-36AM,579
1781,1.49E+12,2017-01-25-6-37-36AM,527
1782,1.49E+12,2017-01-25-6-37-37AM,557
1783,1.49E+12,2017-01-25-6-37-37AM,449
1784,1.49E+12,2017-01-25-6-37-37AM,275
1785,1.49E+12,2017-01-25-6-37-37AM,464
1786,1.49E+12,2017-01-25-6-37-37AM,562
1787,1.49E+12,2017-01-25-6-37-38AM,535
1788,1.49E+12,2017-01-25-6-37-38AM,555
1789,1.49E+12,2017-01-25-6-37-38AM,361
1790,1.49E+12,2017-01-25-6-37-38AM,393
1791,1.49E+12,2017-01-25-6-37-38AM,517
1792,1.49E+12,2017-01-25-6-37-38AM,559
1793,1.49E+12,2017-01-25-6-37-39AM,579
1794,1.49E+12,2017-01-25-6-37-39AM,462
1795,1.49E+12,2017-01-25-6-37-39AM,271
1796,1.49E+12,2017-01-25-6-37-39AM,477
1797,1.49E+12,2017-01-25-6-37-39AM,582
1798,1.49E+12,2017-01-25-6-37-40AM,559
1799,1.49E+12,2017-01-25-6-37-40AM,540
1800,1.49E+12,2017-01-25-6-37-40AM,333
1801,1.49E+12,2017-01-25-6-37-40AM,480
1802,1.49E+12,2017-01-25-6-37-40AM,586
1803,1.49E+12,2017-01-25-6-37-40AM,564
1804,1.49E+12,2017-01-25-6-37-41AM,571
1805,1.49E+12,2017-01-25-6-37-41AM,424
1806,1.49E+12,2017-01-25-6-37-41AM,415
1807,1.49E+12,2017-01-25-6-37-41AM,582
1808,1.49E+12,2017-01-25-6-37-41AM,577
1809,1.49E+12,2017-01-25-6-37-41AM,593
1810,1.49E+12,2017-01-25-6-37-42AM,511
1811,1.49E+12,2017-01-25-6-37-42AM,450
1812,1.49E+12,2017-01-25-6-37-42AM,602
1813,1.49E+12,2017-01-25-6-37-42AM,599
1814,1.49E+12,2017-01-25-6-37-42AM,598
1815,1.49E+12,2017-01-25-6-37-43AM,610
1816,1.49E+12,2017-01-25-6-37-43AM,558
1817,1.49E+12,2017-01-25-6-37-43AM,582
1818,1.49E+12,2017-01-25-6-37-43AM,578
1819,1.49E+12,2017-01-25-6-37-43AM,584
1820,1.49E+12,2017-01-25-6-37-43AM,582
1821,1.49E+12,2017-01-25-6-37-44AM,578
1822,1.49E+12,2017-01-25-6-37-44AM,571
1823,1.49E+12,2017-01-25-6-37-44AM,501
1824,1.49E+12,2017-01-25-6-37-44AM,502
1825,1.49E+12,2017-01-25-6-37-44AM,492
1826,1.49E+12,2017-01-25-6-37-45AM,442
1827,1.49E+12,2017-01-25-6-37-45AM,435
1828,1.49E+12,2017-01-25-6-37-45AM,467
1829,1.49E+12,2017-01-25-6-37-45AM,547
1830,1.49E+12,2017-01-25-6-37-45AM,558
1831,1.49E+12,2017-01-25-6-37-45AM,572
1832,1.49E+12,2017-01-25-6-37-46AM,578
1833,1.49E+12,2017-01-25-6-37-46AM,577
1834,1.49E+12,2017-01-25-6-37-46AM,577
1835,1.49E+12,2017-01-25-6-37-46AM,577
1836,1.49E+12,2017-01-25-6-37-46AM,574
1837,1.49E+12,2017-01-25-6-37-47AM,574
1838,1.49E+12,2017-01-25-6-37-47AM,573
1839,1.49E+12,2017-01-25-6-37-47AM,574
1840,1.49E+12,2017-01-25-6-37-47AM,577
1841,1.49E+12,2017-01-25-6-37-47AM,577
1842,1.49E+12,2017-01-25-6-37-47AM,577
1843,1.49E+12,2017-01-25-6-37-48AM,577
1844,1.49E+12,2017-01-25-6-37-48AM,575
1845,1.49E+12,2017-01-25-6-37-48AM,573
1846,1.49E+12,2017-01-25-6-37-48AM,574
1847,1.49E+12,2017-01-25-6-37-48AM,573
1848,1.49E+12,2017-01-25-6-37-49AM,574
1849,1.49E+12,2017-01-25-6-37-49AM,577
1850,1.49E+12,2017-01-25-6-37-49AM,577
1851,1.49E+12,2017-01-25-6-37-49AM,575
1852,1.49E+12,2017-01-25-6-37-49AM,575
1853,1.49E+12,2017-01-25-6-37-49AM,575
1854,1.49E+12,2017-01-25-6-37-50AM,574
1855,1.49E+12,2017-01-25-6-37-50AM,574
1856,1.49E+12,2017-01-25-6-37-50AM,577
1857,1.49E+12,2017-01-25-6-37-50AM,575
1858,1.49E+12,2017-01-25-6-37-50AM,577
1859,1.49E+12,2017-01-25-6-37-51AM,575
1860,1.49E+12,2017-01-25-6-37-51AM,575
1861,1.49E+12,2017-01-25-6-37-51AM,573
1862,1.49E+12,2017-01-25-6-37-51AM,575
1863,1.49E+12,2017-01-25-6-37-51AM,573
1864,1.49E+12,2017-01-25-6-37-51AM,575
1865,1.49E+12,2017-01-25-6-37-52AM,577
1866,1.49E+12,2017-01-25-6-37-52AM,577
1867,1.49E+12,2017-01-25-6-37-52AM,578
1868,1.49E+12,2017-01-25-6-37-52AM,577
1869,1.49E+12,2017-01-25-6-37-52AM,577
1870,1.49E+12,2017-01-25-6-37-52AM,574
1871,1.49E+12,2017-01-25-6-37-53AM,575
1872,1.49E+12,2017-01-25-6-37-53AM,574
1873,1.49E+12,2017-01-25-6-37-53AM,574
1874,1.49E+12,2017-01-25-6-37-53AM,577
1875,1.49E+12,2017-01-25-6-37-53AM,577
1876,1.49E+12,2017-01-25-6-37-54AM,577
1877,1.49E+12,2017-01-25-6-37-54AM,577
1878,1.49E+12,2017-01-25-6-37-54AM,575
1879,1.49E+12,2017-01-25-6-37-54AM,574
1880,1.49E+12,2017-01-25-6-37-54AM,574
1881,1.49E+12,2017-01-25-6-37-54AM,574
1882,1.49E+12,2017-01-25-6-37-55AM,574
1883,1.49E+12,2017-01-25-6-37-55AM,578
1884,1.49E+12,2017-01-25-6-37-55AM,577
1885,1.49E+12,2017-01-25-6-37-55AM,578
1886,1.49E+12,2017-01-25-6-37-55AM,577
1887,1.49E+12,2017-01-25-6-37-56AM,577
1888,1.49E+12,2017-01-25-6-37-56AM,574
1889,1.49E+12,2017-01-25-6-37-56AM,574
1890,1.49E+12,2017-01-25-6-37-56AM,574
1891,1.49E+12,2017-01-25-6-37-56AM,575
1892,1.49E+12,2017-01-25-6-37-56AM,578
1893,1.49E+12,2017-01-25-6-37-57AM,577
1894,1.49E+12,2017-01-25-6-37-57AM,577
1895,1.49E+12,2017-01-25-6-37-57AM,577
1896,1.49E+12,2017-01-25-6-37-57AM,577
1897,1.49E+12,2017-01-25-6-37-57AM,574
1898,1.49E+12,2017-01-25-6-37-58AM,574
1899,1.49E+12,2017-01-25-6-37-58AM,574
1900,1.49E+12,2017-01-25-6-37-58AM,575
1901,1.49E+12,2017-01-25-6-37-58AM,578
1902,1.49E+12,2017-01-25-6-37-58AM,578
1903,1.49E+12,2017-01-25-6-37-58AM,577
1904,1.49E+12,2017-01-25-6-37-59AM,577
1905,1.49E+12,2017-01-25-6-37-59AM,577
1906,1.49E+12,2017-01-25-6-37-59AM,574
1907,1.49E+12,2017-01-25-6-37-59AM,575
1908,1.49E+12,2017-01-25-6-37-59AM,577
1909,1.49E+12,2017-01-25-6-38-00AM,577
1910,1.49E+12,2017-01-25-6-38-00AM,579
1911,1.49E+12,2017-01-25-6-38-00AM,577
1912,1.49E+12,2017-01-25-6-38-00AM,578
1913,1.49E+12,2017-01-25-6-38-00AM,574
1914,1.49E+12,2017-01-25-6-38-00AM,575
1915,1.49E+12,2017-01-25-6-38-01AM,574
1916,1.49E+12,2017-01-25-6-38-01AM,575
1917,1.49E+12,2017-01-25-6-38-01AM,578
1918,1.49E+12,2017-01-25-6-38-01AM,577
1919,1.49E+12,2017-01-25-6-38-01AM,578
1920,1.49E+12,2017-01-25-6-38-01AM,578
1921,1.49E+12,2017-01-25-6-38-02AM,578
1922,1.49E+12,2017-01-25-6-38-02AM,575
1923,1.49E+12,2017-01-25-6-38-02AM,575
1924,1.49E+12,2017-01-25-6-38-02AM,574
1925,1.49E+12,2017-01-25-6-38-02AM,575
1926,1.49E+12,2017-01-25-6-38-03AM,578
1927,1.49E+12,2017-01-25-6-38-03AM,578
1928,1.49E+12,2017-01-25-6-38-03AM,579
1929,1.49E+12,2017-01-25-6-38-03AM,578
1930,1.49E+12,2017-01-25-6-38-03AM,577
1931,1.49E+12,2017-01-25-6-38-03AM,574
1932,1.49E+12,2017-01-25-6-38-04AM,575
1933,1.49E+12,2017-01-25-6-38-04AM,574
1934,1.49E+12,2017-01-25-6-38-04AM,575
1935,1.49E+12,2017-01-25-6-38-04AM,578
1936,1.49E+12,2017-01-25-6-38-04AM,578
1937,1.49E+12,2017-01-25-6-38-05AM,578
1938,1.49E+12,2017-01-25-6-38-05AM,577
1939,1.49E+12,2017-01-25-6-38-05AM,577
1940,1.49E+12,2017-01-25-6-38-05AM,574
1941,1.49E+12,2017-01-25-6-38-05AM,574
1942,1.49E+12,2017-01-25-6-38-05AM,575
1943,1.49E+12,2017-01-25-6-38-06AM,577
1944,1.49E+12,2017-01-25-6-38-06AM,578
1945,1.49E+12,2017-01-25-6-38-06AM,577
1946,1.49E+12,2017-01-25-6-38-06AM,577
1947,1.49E+12,2017-01-25-6-38-06AM,577
1948,1.49E+12,2017-01-25-6-38-07AM,575
1949,1.49E+12,2017-01-25-6-38-07AM,574
1950,1.49E+12,2017-01-25-6-38-07AM,574
1951,1.49E+12,2017-01-25-6-38-07AM,574
1952,1.49E+12,2017-01-25-6-38-07AM,577
1953,1.49E+12,2017-01-25-6-38-07AM,578
1954,1.49E+12,2017-01-25-6-38-08AM,577
1955,1.49E+12,2017-01-25-6-38-08AM,577
1956,1.49E+12,2017-01-25-6-38-08AM,577
1957,1.49E+12,2017-01-25-6-38-08AM,575
1958,1.49E+12,2017-01-25-6-38-08AM,574
1959,1.49E+12,2017-01-25-6-38-09AM,575
1960,1.49E+12,2017-01-25-6-38-09AM,578
1961,1.49E+12,2017-01-25-6-38-09AM,577
1962,1.49E+12,2017-01-25-6-38-09AM,578
1963,1.49E+12,2017-01-25-6-38-09AM,577
1964,1.49E+12,2017-01-25-6-38-09AM,575
1965,1.49E+12,2017-01-25-6-38-10AM,577
1966,1.49E+12,2017-01-25-6-38-10AM,575
1967,1.49E+12,2017-01-25-6-38-10AM,574
1968,1.49E+12,2017-01-25-6-38-10AM,574
1969,1.49E+12,2017-01-25-6-38-10AM,578
1970,1.49E+12,2017-01-25-6-38-11AM,578
1971,1.49E+12,2017-01-25-6-38-11AM,578
1972,1.49E+12,2017-01-25-6-38-11AM,577
1973,1.49E+12,2017-01-25-6-38-11AM,577
1974,1.49E+12,2017-01-25-6-38-11AM,575
1975,1.49E+12,2017-01-25-6-38-11AM,575
1976,1.49E+12,2017-01-25-6-38-12AM,575
1977,1.49E+12,2017-01-25-6-38-12AM,577
1978,1.49E+12,2017-01-25-6-38-12AM,578
1979,1.49E+12,2017-01-25-6-38-12AM,578
1980,1.49E+12,2017-01-25-6-38-12AM,579
1981,1.49E+12,2017-01-25-6-38-12AM,577
1982,1.49E+12,2017-01-25-6-38-13AM,577
1983,1.49E+12,2017-01-25-6-38-13AM,574
1984,1.49E+12,2017-01-25-6-38-13AM,574
1985,1.49E+12,2017-01-25-6-38-13AM,574
1986,1.49E+12,2017-01-25-6-38-13AM,575
1987,1.49E+12,2017-01-25-6-38-14AM,578
1988,1.49E+12,2017-01-25-6-38-14AM,577
1989,1.49E+12,2017-01-25-6-38-14AM,578
1990,1.49E+12,2017-01-25-6-38-14AM,577
1991,1.49E+12,2017-01-25-6-38-14AM,577
1992,1.49E+12,2017-01-25-6-38-14AM,574
1993,1.49E+12,2017-01-25-6-38-15AM,575
1994,1.49E+12,2017-01-25-6-38-15AM,574
1995,1.49E+12,2017-01-25-6-38-15AM,575
1996,1.49E+12,2017-01-25-6-38-15AM,578
1997,1.49E+12,2017-01-25-6-38-15AM,577
1998,1.49E+12,2017-01-25-6-38-16AM,578
1999,1.49E+12,2017-01-25-6-38-16AM,577
2000,1.49E+12,2017-01-25-6-38-16AM,575
2001,1.49E+12,2017-01-25-6-38-16AM,574
2002,1.49E+12,2017-01-25-6-38-16AM,574
2003,1.49E+12,2017-01-25-6-38-16AM,573
2004,1.49E+12,2017-01-25-6-38-17AM,575
2005,1.49E+12,2017-01-25-6-38-17AM,577
2006,1.49E+12,2017-01-25-6-38-17AM,577
2007,1.49E+12,2017-01-25-6-38-17AM,577
2008,1.49E+12,2017-01-25-6-38-17AM,577
2009,1.49E+12,2017-01-25-6-38-18AM,577
2010,1.49E+12,2017-01-25-6-38-18AM,574
2011,1.49E+12,2017-01-25-6-38-18AM,575
2012,1.49E+12,2017-01-25-6-38-18AM,574
2013,1.49E+12,2017-01-25-6-38-18AM,528
2014,1.49E+12,2017-01-25-6-38-18AM,577
2015,1.49E+12,2017-01-25-6-38-19AM,578
2016,1.49E+12,2017-01-25-6-38-19AM,577
2017,1.49E+12,2017-01-25-6-38-19AM,578
2018,1.49E+12,2017-01-25-6-38-19AM,575
2019,1.49E+12,2017-01-25-6-38-19AM,532
2020,1.49E+12,2017-01-25-6-38-20AM,519
2021,1.49E+12,2017-01-25-6-38-20AM,540
2022,1.49E+12,2017-01-25-6-38-20AM,548
2023,1.49E+12,2017-01-25-6-38-20AM,547
2024,1.49E+12,2017-01-25-6-38-20AM,596
2025,1.49E+12,2017-01-25-6-38-20AM,643
2026,1.49E+12,2017-01-25-6-38-21AM,585
2027,1.49E+12,2017-01-25-6-38-21AM,481
2028,1.49E+12,2017-01-25-6-38-21AM,508
2029,1.49E+12,2017-01-25-6-38-21AM,577
2030,1.49E+12,2017-01-25-6-38-21AM,404
2031,1.49E+12,2017-01-25-6-38-21AM,287
2032,1.49E+12,2017-01-25-6-38-22AM,293
2033,1.49E+12,2017-01-25-6-38-22AM,400
2034,1.49E+12,2017-01-25-6-38-22AM,500
2035,1.49E+12,2017-01-25-6-38-22AM,356
2036,1.49E+12,2017-01-25-6-38-22AM,333
2037,1.49E+12,2017-01-25-6-38-23AM,314
2038,1.49E+12,2017-01-25-6-38-23AM,314
2039,1.49E+12,2017-01-25-6-38-23AM,262
2040,1.49E+12,2017-01-25-6-38-23AM,237
2041,1.49E+12,2017-01-25-6-38-23AM,228
2042,1.49E+12,2017-01-25-6-38-23AM,226