1,1485313253057,2017-01-25-11-00-53AM,112.0
2,1485313253207,2017-01-25-11-00-53AM,106.0
3,1485313253386,2017-01-25-11-00-53AM,109.0
4,1485313253570,2017-01-25-11-00-53AM,114.0
5,1485313253747,2017-01-25-11-00-53AM,111.0
6,1485313253927,2017-01-25-11-00-53AM,115.0
7,1485313254107,2017-01-25-11-00-54AM,114.0
8,1485313254291,2017-01-25-11-00-54AM,74.0
9,1485313254470,2017-01-25-11-00-54AM,67.0
10,1485313254646,2017-01-25-11-00-54AM,118.0
11,1485313254830,2017-01-25-11-00-54AM,139.0
12,1485313255010,2017-01-25-11-00-55AM,140.0
13,1485313255197,2017-01-25-11-00-55AM,137.0
14,1485313255373,2017-01-25-11-00-55AM,134.0
15,1485313255551,2017-01-25-11-00-55AM,124.0
16,1485313255731,2017-01-25-11-00-55AM,79.0
17,1485313255910,2017-01-25-11-00-55AM,74.0
18,1485313256092,2017-01-25-11-00-56AM,121.0
19,1485313256271,2017-01-25-11-00-56AM,138.0
20,1485313256452,2017-01-25-11-00-56AM,143.0
21,1485313256634,2017-01-25-11-00-56AM,161.0
22,1485313256815,2017-01-25-11-00-56AM,174.0
23,1485313256993,2017-01-25-11-00-56AM,194.0
24,1485313257174,2017-01-25-11-00-57AM,192.0
25,1485313257353,2017-01-25-11-00-57AM,186.0
26,1485313257529,2017-01-25-11-00-57AM,159.0
27,1485313257710,2017-01-25-11-00-57AM,137.0
28,1485313257890,2017-01-25-11-00-57AM,139.0
29,1485313258070,2017-01-25-11-00-58AM,68.0
30,1485313258252,2017-01-25-11-00-58AM,40.0
31,1485313258433,2017-01-25-11-00-58AM,49.0
32,1485313258613,2017-01-25-11-00-58AM,140.0
33,1485313258794,2017-01-25-11-00-58AM,139.0
34,1485313258973,2017-01-25-11-00-58AM,130.0
35,1485313259154,2017-01-25-11-00-59AM,143.0
36,1485313259334,2017-01-25-11-00-59AM,145.0
37,1485313259514,2017-01-25-11-00-59AM,158.0
38,1485313259694,2017-01-25-11-00-59AM,179.0
39,1485313259874,2017-01-25-11-00-59AM,160.0
40,1485313260055,2017-01-25-11-01-00AM,136.0
41,1485313260232,2017-01-25-11-01-00AM,122.0
42,1485313260413,2017-01-25-11-01-00AM,129.0
43,1485313260595,2017-01-25-11-01-00AM,136.0
44,1485313260776,2017-01-25-11-01-00AM,151.0
45,1485313260958,2017-01-25-11-01-00AM,147.0
46,1485313261138,2017-01-25-11-01-01AM,142.0
47,1485313261314,2017-01-25-11-01-01AM,129.0
48,1485313261497,2017-01-25-11-01-01AM,137.0
49,1485313261678,2017-01-25-11-01-01AM,139.0
50,1485313261859,2017-01-25-11-01-01AM,139.0
51,1485313262040,2017-01-25-11-01-02AM,140.0
52,1485313262217,2017-01-25-11-01-02AM,140.0
53,1485313262394,2017-01-25-11-01-02AM,139.0
54,1485313262574,2017-01-25-11-01-02AM,140.0
55,1485313262758,2017-01-25-11-01-02AM,139.0
56,1485313262940,2017-01-25-11-01-02AM,139.0
57,1485313263117,2017-01-25-11-01-03AM,139.0
58,1485313263300,2017-01-25-11-01-03AM,119.0
59,1485313263480,2017-01-25-11-01-03AM,120.0
60,1485313263659,2017-01-25-11-01-03AM,73.0
61,1485313263841,2017-01-25-11-01-03AM,31.0
62,1485313264020,2017-01-25-11-01-04AM,36.0
63,1485313264199,2017-01-25-11-01-04AM,70.0
64,1485313264379,2017-01-25-11-01-04AM,82.0
65,1485313264561,2017-01-25-11-01-04AM,100.0
66,1485313264740,2017-01-25-11-01-04AM,112.0
67,1485313264920,2017-01-25-11-01-04AM,114.0
68,1485313265098,2017-01-25-11-01-05AM,112.0
69,1485313265282,2017-01-25-11-01-05AM,109.0
70,1485313265462,2017-01-25-11-01-05AM,105.0
71,1485313265644,2017-01-25-11-01-05AM,95.0
72,1485313265822,2017-01-25-11-01-05AM,99.0
73,1485313266002,2017-01-25-11-01-06AM,106.0
74,1485313266182,2017-01-25-11-01-06AM,117.0
75,1485313266364,2017-01-25-11-01-06AM,104.0
76,1485313266544,2017-01-25-11-01-06AM,105.0
77,1485313266725,2017-01-25-11-01-06AM,105.0
78,1485313266898,2017-01-25-11-01-06AM,133.0
79,1485313267089,2017-01-25-11-01-07AM,152.0
80,1485313267264,2017-01-25-11-01-07AM,189.0
81,1485313267443,2017-01-25-11-01-07AM,198.0
82,1485313267625,2017-01-25-11-01-07AM,183.0
83,1485313267805,2017-01-25-11-01-07AM,187.0
84,1485313267985,2017-01-25-11-01-07AM,205.0
85,1485313268163,2017-01-25-11-01-08AM,185.0
86,1485313268345,2017-01-25-11-01-08AM,179.0
87,1485313268524,2017-01-25-11-01-08AM,178.0
88,1485313268706,2017-01-25-11-01-08AM,182.0
89,1485313268886,2017-01-25-11-01-08AM,185.0
90,1485313269064,2017-01-25-11-01-09AM,220.0
91,1485313269244,2017-01-25-11-01-09AM,215.0
92,1485313269426,2017-01-25-11-01-09AM,198.0
93,1485313269605,2017-01-25-11-01-09AM,194.0
94,1485313269787,2017-01-25-11-01-09AM,200.0
95,1485313269967,2017-01-25-11-01-09AM,177.0
96,1485313270147,2017-01-25-11-01-10AM,169.0
97,1485313270327,2017-01-25-11-01-10AM,172.0
98,1485313270505,2017-01-25-11-01-10AM,169.0
99,1485313270684,2017-01-25-11-01-10AM,166.0
100,1485313270866,2017-01-25-11-01-10AM,169.0
101,1485313271046,2017-01-25-11-01-11AM,170.0
102,1485313271226,2017-01-25-11-01-11AM,170.0
103,1485313271406,2017-01-25-11-01-11AM,170.0
104,1485313271586,2017-01-25-11-01-11AM,160.0
105,1485313271767,2017-01-25-11-01-11AM,116.0
106,1485313271946,2017-01-25-11-01-11AM,52.0
107,1485313272126,2017-01-25-11-01-12AM,39.0
108,1485313272308,2017-01-25-11-01-12AM,38.0
109,1485313272489,2017-01-25-11-01-12AM,59.0
110,1485313272668,2017-01-25-11-01-12AM,147.0
111,1485313272848,2017-01-25-11-01-12AM,168.0
112,1485313273028,2017-01-25-11-01-13AM,169.0
113,1485313273207,2017-01-25-11-01-13AM,169.0
114,1485313273387,2017-01-25-11-01-13AM,170.0
115,1485313273567,2017-01-25-11-01-13AM,170.0
116,1485313273750,2017-01-25-11-01-13AM,170.0
117,1485313273956,2017-01-25-11-01-13AM,170.0
118,1485313274111,2017-01-25-11-01-14AM,170.0
119,1485313274291,2017-01-25-11-01-14AM,170.0
120,1485313274471,2017-01-25-11-01-14AM,170.0
121,1485313274651,2017-01-25-11-01-14AM,170.0
122,1485313274830,2017-01-25-11-01-14AM,169.0
123,1485313275008,2017-01-25-11-01-15AM,169.0
124,1485313275192,2017-01-25-11-01-15AM,169.0
125,1485313275371,2017-01-25-11-01-15AM,166.0
126,1485313275548,2017-01-25-11-01-15AM,130.0
127,1485313275731,2017-01-25-11-01-15AM,96.0
128,1485313275912,2017-01-25-11-01-15AM,64.0
129,1485313276092,2017-01-25-11-01-16AM,49.0
130,1485313276272,2017-01-25-11-01-16AM,47.0
131,1485313276454,2017-01-25-11-01-16AM,40.0
132,1485313276634,2017-01-25-11-01-16AM,40.0
133,1485313276814,2017-01-25-11-01-16AM,64.0
134,1485313276995,2017-01-25-11-01-16AM,81.0
135,1485313277171,2017-01-25-11-01-17AM,115.0
136,1485313277354,2017-01-25-11-01-17AM,155.0
137,1485313277535,2017-01-25-11-01-17AM,164.0
138,1485313277715,2017-01-25-11-01-17AM,166.0
139,1485313277895,2017-01-25-11-01-17AM,166.0
140,1485313278071,2017-01-25-11-01-18AM,166.0
141,1485313278252,2017-01-25-11-01-18AM,154.0
142,1485313278434,2017-01-25-11-01-18AM,100.0
143,1485313278615,2017-01-25-11-01-18AM,51.0
144,1485313278795,2017-01-25-11-01-18AM,43.0
145,1485313278976,2017-01-25-11-01-18AM,52.0
146,1485313279157,2017-01-25-11-01-19AM,67.0
147,1485313279334,2017-01-25-11-01-19AM,103.0
148,1485313279514,2017-01-25-11-01-19AM,159.0
149,1485313279696,2017-01-25-11-01-19AM,166.0
150,1485313279877,2017-01-25-11-01-19AM,168.0
151,1485313280053,2017-01-25-11-01-20AM,168.0
152,1485313280232,2017-01-25-11-01-20AM,168.0
153,1485313280416,2017-01-25-11-01-20AM,166.0
154,1485313280596,2017-01-25-11-01-20AM,166.0
155,1485313280776,2017-01-25-11-01-20AM,154.0
156,1485313280957,2017-01-25-11-01-20AM,125.0
157,1485313281137,2017-01-25-11-01-21AM,172.0
158,1485313281318,2017-01-25-11-01-21AM,152.0
159,1485313281498,2017-01-25-11-01-21AM,137.0
160,1485313281677,2017-01-25-11-01-21AM,126.0
161,1485313281857,2017-01-25-11-01-21AM,139.0
162,1485313282038,2017-01-25-11-01-22AM,142.0
163,1485313282215,2017-01-25-11-01-22AM,144.0
164,1485313282398,2017-01-25-11-01-22AM,144.0
165,1485313282577,2017-01-25-11-01-22AM,144.0
166,1485313282757,2017-01-25-11-01-22AM,145.0
167,1485313282938,2017-01-25-11-01-22AM,145.0
168,1485313283118,2017-01-25-11-01-23AM,145.0
169,1485313283296,2017-01-25-11-01-23AM,145.0
170,1485313283480,2017-01-25-11-01-23AM,145.0
171,1485313283658,2017-01-25-11-01-23AM,145.0
172,1485313283839,2017-01-25-11-01-23AM,145.0
173,1485313284019,2017-01-25-11-01-24AM,145.0
174,1485313284198,2017-01-25-11-01-24AM,145.0
175,1485313284381,2017-01-25-11-01-24AM,145.0
176,1485313284558,2017-01-25-11-01-24AM,145.0
177,1485313284741,2017-01-25-11-01-24AM,145.0
178,1485313284920,2017-01-25-11-01-24AM,145.0
179,1485313285098,2017-01-25-11-01-25AM,145.0
180,1485313285277,2017-01-25-11-01-25AM,145.0
181,1485313285460,2017-01-25-11-01-25AM,145.0
182,1485313285640,2017-01-25-11-01-25AM,145.0
183,1485313285821,2017-01-25-11-01-25AM,145.0
184,1485313286002,2017-01-25-11-01-26AM,145.0
185,1485313286181,2017-01-25-11-01-26AM,145.0
186,1485313286360,2017-01-25-11-01-26AM,145.0
187,1485313286542,2017-01-25-11-01-26AM,145.0
188,1485313286722,2017-01-25-11-01-26AM,145.0
189,1485313286904,2017-01-25-11-01-26AM,145.0
190,1485313287084,2017-01-25-11-01-27AM,145.0
191,1485313287258,2017-01-25-11-01-27AM,145.0
192,1485313287444,2017-01-25-11-01-27AM,145.0
193,1485313287623,2017-01-25-11-01-27AM,145.0
194,1485313287805,2017-01-25-11-01-27AM,145.0
195,1485313287983,2017-01-25-11-01-27AM,145.0
196,1485313288160,2017-01-25-11-01-28AM,145.0
197,1485313288344,2017-01-25-11-01-28AM,145.0
198,1485313288522,2017-01-25-11-01-28AM,145.0
199,1485313288703,2017-01-25-11-01-28AM,145.0
200,1485313288884,2017-01-25-11-01-28AM,145.0
201,1485313289065,2017-01-25-11-01-29AM,145.0
202,1485313289244,2017-01-25-11-01-29AM,145.0
203,1485313289422,2017-01-25-11-01-29AM,145.0
204,1485313289605,2017-01-25-11-01-29AM,145.0
205,1485313289785,2017-01-25-11-01-29AM,145.0
206,1485313289964,2017-01-25-11-01-29AM,145.0
207,1485313290145,2017-01-25-11-01-30AM,145.0
208,1485313290322,2017-01-25-11-01-30AM,145.0
209,1485313290506,2017-01-25-11-01-30AM,145.0
210,1485313290684,2017-01-25-11-01-30AM,145.0
211,1485313290867,2017-01-25-11-01-30AM,145.0
212,1485313291046,2017-01-25-11-01-31AM,145.0
213,1485313291239,2017-01-25-11-01-31AM,145.0
214,1485313291406,2017-01-25-11-01-31AM,145.0
215,1485313291588,2017-01-25-11-01-31AM,145.0
216,1485313291765,2017-01-25-11-01-31AM,145.0
217,1485313291948,2017-01-25-11-01-31AM,145.0
218,1485313292127,2017-01-25-11-01-32AM,145.0
219,1485313292309,2017-01-25-11-01-32AM,145.0
220,1485313292487,2017-01-25-11-01-32AM,145.0
221,1485313292669,2017-01-25-11-01-32AM,145.0
222,1485313292847,2017-01-25-11-01-32AM,145.0
223,1485313293029,2017-01-25-11-01-33AM,145.0
224,1485313293207,2017-01-25-11-01-33AM,145.0
225,1485313293387,2017-01-25-11-01-33AM,145.0
226,1485313293571,2017-01-25-11-01-33AM,145.0
227,1485313293748,2017-01-25-11-01-33AM,145.0
228,1485313293930,2017-01-25-11-01-33AM,145.0
229,1485313294109,2017-01-25-11-01-34AM,145.0
230,1485313294288,2017-01-25-11-01-34AM,145.0
231,1485313294470,2017-01-25-11-01-34AM,145.0
232,1485313294650,2017-01-25-11-01-34AM,145.0
233,1485313294827,2017-01-25-11-01-34AM,145.0
234,1485313295008,2017-01-25-11-01-35AM,145.0
235,1485313295189,2017-01-25-11-01-35AM,145.0
236,1485313295374,2017-01-25-11-01-35AM,145.0
237,1485313295548,2017-01-25-11-01-35AM,145.0
238,1485313295732,2017-01-25-11-01-35AM,145.0
239,1485313295909,2017-01-25-11-01-35AM,145.0
240,1485313296092,2017-01-25-11-01-36AM,145.0
241,1485313296270,2017-01-25-11-01-36AM,145.0
242,1485313296452,2017-01-25-11-01-36AM,145.0
243,1485313296632,2017-01-25-11-01-36AM,145.0
244,1485313296841,2017-01-25-11-01-36AM,145.0
245,1485313296988,2017-01-25-11-01-36AM,145.0
246,1485313297172,2017-01-25-11-01-37AM,146.0
247,1485313297352,2017-01-25-11-01-37AM,145.0
248,1485313297532,2017-01-25-11-01-37AM,145.0
249,1485313297712,2017-01-25-11-01-37AM,145.0
250,1485313297894,2017-01-25-11-01-37AM,145.0
251,1485313298074,2017-01-25-11-01-38AM,145.0
252,1485313298253,2017-01-25-11-01-38AM,146.0
253,1485313298432,2017-01-25-11-01-38AM,145.0
254,1485313298614,2017-01-25-11-01-38AM,145.0
255,1485313298795,2017-01-25-11-01-38AM,145.0
256,1485313298973,2017-01-25-11-01-38AM,145.0
257,1485313299155,2017-01-25-11-01-39AM,145.0
258,1485313299334,2017-01-25-11-01-39AM,145.0
259,1485313299515,2017-01-25-11-01-39AM,145.0
260,1485313299695,2017-01-25-11-01-39AM,145.0
261,1485313299876,2017-01-25-11-01-39AM,145.0
262,1485313300057,2017-01-25-11-01-40AM,145.0
263,1485313300234,2017-01-25-11-01-40AM,145.0
264,1485313300415,2017-01-25-11-01-40AM,145.0
265,1485313300597,2017-01-25-11-01-40AM,146.0
266,1485313300775,2017-01-25-11-01-40AM,147.0
267,1485313300955,2017-01-25-11-01-40AM,147.0
268,1485313301137,2017-01-25-11-01-41AM,146.0
269,1485313301316,2017-01-25-11-01-41AM,128.0
270,1485313301497,2017-01-25-11-01-41AM,107.0
271,1485313301678,2017-01-25-11-01-41AM,120.0
272,1485313301856,2017-01-25-11-01-41AM,165.0
273,1485313302038,2017-01-25-11-01-42AM,185.0
274,1485313302216,2017-01-25-11-01-42AM,205.0
275,1485313302399,2017-01-25-11-01-42AM,229.0
276,1485313302578,2017-01-25-11-01-42AM,246.0
277,1485313302759,2017-01-25-11-01-42AM,253.0
278,1485313302938,2017-01-25-11-01-42AM,254.0
279,1485313303118,2017-01-25-11-01-43AM,255.0
280,1485313303298,2017-01-25-11-01-43AM,240.0
281,1485313303479,2017-01-25-11-01-43AM,185.0
282,1485313303660,2017-01-25-11-01-43AM,147.0
283,1485313303837,2017-01-25-11-01-43AM,108.0
284,1485313304047,2017-01-25-11-01-44AM,94.0
285,1485313304199,2017-01-25-11-01-44AM,96.0
286,1485313304377,2017-01-25-11-01-44AM,92.0
287,1485313304560,2017-01-25-11-01-44AM,103.0
288,1485313304740,2017-01-25-11-01-44AM,111.0
289,1485313304921,2017-01-25-11-01-44AM,132.0
290,1485313305098,2017-01-25-11-01-45AM,156.0
291,1485313305280,2017-01-25-11-01-45AM,174.0
292,1485313305460,2017-01-25-11-01-45AM,175.0
293,1485313305642,2017-01-25-11-01-45AM,172.0
294,1485313305822,2017-01-25-11-01-45AM,156.0
295,1485313306002,2017-01-25-11-01-46AM,128.0
296,1485313306182,2017-01-25-11-01-46AM,122.0
297,1485313306359,2017-01-25-11-01-46AM,125.0
298,1485313306542,2017-01-25-11-01-46AM,129.0
299,1485313306721,2017-01-25-11-01-46AM,166.0
300,1485313306908,2017-01-25-11-01-46AM,179.0
301,1485313307084,2017-01-25-11-01-47AM,179.0
302,1485313307259,2017-01-25-11-01-47AM,196.0
303,1485313307440,2017-01-25-11-01-47AM,205.0
304,1485313307624,2017-01-25-11-01-47AM,198.0
305,1485313307804,2017-01-25-11-01-47AM,207.0
306,1485313307983,2017-01-25-11-01-47AM,202.0
307,1485313308162,2017-01-25-11-01-48AM,188.0
308,1485313308341,2017-01-25-11-01-48AM,170.0
309,1485313308520,2017-01-25-11-01-48AM,157.0
310,1485313308705,2017-01-25-11-01-48AM,158.0
311,1485313308884,2017-01-25-11-01-48AM,155.0
312,1485313309065,2017-01-25-11-01-49AM,150.0
313,1485313309245,2017-01-25-11-01-49AM,146.0
314,1485313309421,2017-01-25-11-01-49AM,144.0
315,1485313309605,2017-01-25-11-01-49AM,142.0
316,1485313309783,2017-01-25-11-01-49AM,141.0
317,1485313309962,2017-01-25-11-01-49AM,139.0
318,1485313310145,2017-01-25-11-01-50AM,138.0
319,1485313310328,2017-01-25-11-01-50AM,134.0
320,1485313310506,2017-01-25-11-01-50AM,122.0
321,1485313310687,2017-01-25-11-01-50AM,107.0
322,1485313310863,2017-01-25-11-01-50AM,86.0
323,1485313311047,2017-01-25-11-01-51AM,61.0
324,1485313311226,2017-01-25-11-01-51AM,130.0
325,1485313311407,2017-01-25-11-01-51AM,177.0
326,1485313311586,2017-01-25-11-01-51AM,180.0
327,1485313311766,2017-01-25-11-01-51AM,194.0
328,1485313311945,2017-01-25-11-01-51AM,200.0
329,1485313312132,2017-01-25-11-01-52AM,172.0
330,1485313312308,2017-01-25-11-01-52AM,150.0
331,1485313312488,2017-01-25-11-01-52AM,153.0
332,1485313312667,2017-01-25-11-01-52AM,157.0
333,1485313312859,2017-01-25-11-01-52AM,156.0
334,1485313313026,2017-01-25-11-01-53AM,154.0
335,1485313313208,2017-01-25-11-01-53AM,146.0
336,1485313313386,2017-01-25-11-01-53AM,138.0
337,1485313313569,2017-01-25-11-01-53AM,130.0
338,1485313313747,2017-01-25-11-01-53AM,124.0
339,1485313313927,2017-01-25-11-01-53AM,121.0
340,1485313314110,2017-01-25-11-01-54AM,117.0
341,1485313314289,2017-01-25-11-01-54AM,83.0
342,1485313314466,2017-01-25-11-01-54AM,63.0
343,1485313314651,2017-01-25-11-01-54AM,57.0
344,1485313314831,2017-01-25-11-01-54AM,52.0
345,1485313315008,2017-01-25-11-01-55AM,75.0
346,1485313315187,2017-01-25-11-01-55AM,109.0
347,1485313315380,2017-01-25-11-01-55AM,117.0
348,1485313315551,2017-01-25-11-01-55AM,115.0
349,1485313315730,2017-01-25-11-01-55AM,102.0
350,1485313315912,2017-01-25-11-01-55AM,77.0
351,1485313316088,2017-01-25-11-01-56AM,76.0
352,1485313316272,2017-01-25-11-01-56AM,92.0
353,1485313316449,2017-01-25-11-01-56AM,170.0
354,1485313316628,2017-01-25-11-01-56AM,144.0
355,1485313316814,2017-01-25-11-01-56AM,93.0
356,1485313316994,2017-01-25-11-01-56AM,37.0
357,1485313317173,2017-01-25-11-01-57AM,56.0
358,1485313317352,2017-01-25-11-01-57AM,174.0
359,1485313317533,2017-01-25-11-01-57AM,183.0
360,1485313317714,2017-01-25-11-01-57AM,179.0
361,1485313317890,2017-01-25-11-01-57AM,173.0
362,1485313318076,2017-01-25-11-01-58AM,139.0
363,1485313318254,2017-01-25-11-01-58AM,113.0
364,1485313318430,2017-01-25-11-01-58AM,110.0
365,1485313318614,2017-01-25-11-01-58AM,99.0
366,1485313318794,2017-01-25-11-01-58AM,118.0
367,1485313318974,2017-01-25-11-01-58AM,119.0
368,1485313319157,2017-01-25-11-01-59AM,119.0
369,1485313319329,2017-01-25-11-01-59AM,103.0
370,1485313319514,2017-01-25-11-01-59AM,53.0
371,1485313319689,2017-01-25-11-01-59AM,18.0
372,1485313319869,2017-01-25-11-01-59AM,10.0
373,1485313320049,2017-01-25-11-02-00AM,32.0
374,1485313320229,2017-01-25-11-02-00AM,73.0
375,1485313320419,2017-01-25-11-02-00AM,49.0
376,1485313320592,2017-01-25-11-02-00AM,127.0
377,1485313320771,2017-01-25-11-02-00AM,148.0
378,1485313320951,2017-01-25-11-02-00AM,154.0
379,1485313321131,2017-01-25-11-02-01AM,148.0
380,1485313321311,2017-01-25-11-02-01AM,139.0
381,1485313321492,2017-01-25-11-02-01AM,121.0
382,1485313321672,2017-01-25-11-02-01AM,122.0
383,1485313321857,2017-01-25-11-02-01AM,127.0
384,1485313322036,2017-01-25-11-02-02AM,130.0
385,1485313322214,2017-01-25-11-02-02AM,132.0
386,1485313322420,2017-01-25-11-02-02AM,130.0
387,1485313322588,2017-01-25-11-02-02AM,129.0
388,1485313322755,2017-01-25-11-02-02AM,129.0
389,1485313322938,2017-01-25-11-02-02AM,129.0
390,1485313323118,2017-01-25-11-02-03AM,130.0
391,1485313323295,2017-01-25-11-02-03AM,132.0
392,1485313323476,2017-01-25-11-02-03AM,121.0
393,1485313323659,2017-01-25-11-02-03AM,135.0
394,1485313323839,2017-01-25-11-02-03AM,151.0
395,1485313324020,2017-01-25-11-02-04AM,155.0
396,1485313324199,2017-01-25-11-02-04AM,153.0
397,1485313324377,2017-01-25-11-02-04AM,137.0
398,1485313324558,2017-01-25-11-02-04AM,138.0
399,1485313324740,2017-01-25-11-02-04AM,144.0
400,1485313324917,2017-01-25-11-02-04AM,154.0
401,1485313325097,2017-01-25-11-02-05AM,155.0
402,1485313325281,2017-01-25-11-02-05AM,175.0
403,1485313325455,2017-01-25-11-02-05AM,176.0
404,1485313325636,2017-01-25-11-02-05AM,179.0
405,1485313325816,2017-01-25-11-02-05AM,175.0
406,1485313325998,2017-01-25-11-02-05AM,161.0
407,1485313326181,2017-01-25-11-02-06AM,150.0
408,1485313326357,2017-01-25-11-02-06AM,114.0
409,1485313326539,2017-01-25-11-02-06AM,103.0
410,1485313326721,2017-01-25-11-02-06AM,105.0
411,1485313326897,2017-01-25-11-02-06AM,105.0
412,1485313327076,2017-01-25-11-02-07AM,99.0
413,1485313327256,2017-01-25-11-02-07AM,104.0
414,1485313327436,2017-01-25-11-02-07AM,100.0
415,1485313327616,2017-01-25-11-02-07AM,102.0
416,1485313327797,2017-01-25-11-02-07AM,99.0
417,1485313327979,2017-01-25-11-02-07AM,101.0
418,1485313328158,2017-01-25-11-02-08AM,102.0
419,1485313328339,2017-01-25-11-02-08AM,105.0
420,1485313328518,2017-01-25-11-02-08AM,102.0
421,1485313328700,2017-01-25-11-02-08AM,90.0
422,1485313328880,2017-01-25-11-02-08AM,100.0
423,1485313329062,2017-01-25-11-02-09AM,130.0
424,1485313329239,2017-01-25-11-02-09AM,150.0
425,1485313329419,2017-01-25-11-02-09AM,113.0
426,1485313329599,2017-01-25-11-02-09AM,118.0
427,1485313329780,2017-01-25-11-02-09AM,165.0
428,1485313329965,2017-01-25-11-02-09AM,174.0
429,1485313330140,2017-01-25-11-02-10AM,154.0
430,1485313330325,2017-01-25-11-02-10AM,159.0
431,1485313330505,2017-01-25-11-02-10AM,147.0
432,1485313330686,2017-01-25-11-02-10AM,159.0
433,1485313330866,2017-01-25-11-02-10AM,176.0
434,1485313331042,2017-01-25-11-02-11AM,168.0
435,1485313331237,2017-01-25-11-02-11AM,170.0
436,1485313331402,2017-01-25-11-02-11AM,172.0
437,1485313331584,2017-01-25-11-02-11AM,172.0
438,1485313331767,2017-01-25-11-02-11AM,172.0
439,1485313331948,2017-01-25-11-02-11AM,172.0
440,1485313332126,2017-01-25-11-02-12AM,172.0
441,1485313332306,2017-01-25-11-02-12AM,172.0
442,1485313332488,2017-01-25-11-02-12AM,172.0
443,1485313332668,2017-01-25-11-02-12AM,172.0
444,1485313332850,2017-01-25-11-02-12AM,172.0
445,1485313333027,2017-01-25-11-02-13AM,169.0
446,1485313333207,2017-01-25-11-02-13AM,165.0
447,1485313333387,2017-01-25-11-02-13AM,165.0
448,1485313333569,2017-01-25-11-02-13AM,143.0
449,1485313333749,2017-01-25-11-02-13AM,140.0
450,1485313333928,2017-01-25-11-02-13AM,123.0
451,1485313334142,2017-01-25-11-02-14AM,88.0
452,1485313334284,2017-01-25-11-02-14AM,89.0
453,1485313334463,2017-01-25-11-02-14AM,89.0
454,1485313334643,2017-01-25-11-02-14AM,92.0
455,1485313334823,2017-01-25-11-02-14AM,81.0
456,1485313335007,2017-01-25-11-02-15AM,126.0
457,1485313335185,2017-01-25-11-02-15AM,136.0
458,1485313335365,2017-01-25-11-02-15AM,112.0
459,1485313335545,2017-01-25-11-02-15AM,135.0
460,1485313335725,2017-01-25-11-02-15AM,157.0
461,1485313335906,2017-01-25-11-02-15AM,163.0
462,1485313336086,2017-01-25-11-02-16AM,169.0
463,1485313336268,2017-01-25-11-02-16AM,171.0
464,1485313336450,2017-01-25-11-02-16AM,171.0
465,1485313336630,2017-01-25-11-02-16AM,171.0
466,1485313336812,2017-01-25-11-02-16AM,171.0
467,1485313336992,2017-01-25-11-02-16AM,170.0
468,1485313337173,2017-01-25-11-02-17AM,150.0
469,1485313337351,2017-01-25-11-02-17AM,145.0
470,1485313337533,2017-01-25-11-02-17AM,139.0
471,1485313337712,2017-01-25-11-02-17AM,127.0
472,1485313337892,2017-01-25-11-02-17AM,117.0
473,1485313338073,2017-01-25-11-02-18AM,90.0
474,1485313338252,2017-01-25-11-02-18AM,72.0
475,1485313338427,2017-01-25-11-02-18AM,67.0
476,1485313338607,2017-01-25-11-02-18AM,71.0
477,1485313338787,2017-01-25-11-02-18AM,70.0
478,1485313338967,2017-01-25-11-02-18AM,66.0
479,1485313339148,2017-01-25-11-02-19AM,66.0
480,1485313339328,2017-01-25-11-02-19AM,73.0
481,1485313339512,2017-01-25-11-02-19AM,65.0
482,1485313339692,2017-01-25-11-02-19AM,63.0
483,1485313339872,2017-01-25-11-02-19AM,70.0
484,1485313340052,2017-01-25-11-02-20AM,71.0
485,1485313340232,2017-01-25-11-02-20AM,66.0
486,1485313340410,2017-01-25-11-02-20AM,72.0
487,1485313340593,2017-01-25-11-02-20AM,71.0
488,1485313340773,2017-01-25-11-02-20AM,71.0
489,1485313340954,2017-01-25-11-02-20AM,67.0
490,1485313341130,2017-01-25-11-02-21AM,76.0
491,1485313341313,2017-01-25-11-02-21AM,118.0
492,1485313341492,2017-01-25-11-02-21AM,125.0
493,1485313341671,2017-01-25-11-02-21AM,117.0
494,1485313341851,2017-01-25-11-02-21AM,118.0
495,1485313342032,2017-01-25-11-02-22AM,126.0
496,1485313342212,2017-01-25-11-02-22AM,144.0
497,1485313342392,2017-01-25-11-02-22AM,159.0
498,1485313342573,2017-01-25-11-02-22AM,144.0
499,1485313342758,2017-01-25-11-02-22AM,82.0
500,1485313342938,2017-01-25-11-02-22AM,135.0
501,1485313343118,2017-01-25-11-02-23AM,183.0
502,1485313343297,2017-01-25-11-02-23AM,195.0
503,1485313343475,2017-01-25-11-02-23AM,154.0
504,1485313343659,2017-01-25-11-02-23AM,177.0
505,1485313343858,2017-01-25-11-02-23AM,198.0
506,1485313344019,2017-01-25-11-02-24AM,155.0
507,1485313344198,2017-01-25-11-02-24AM,187.0
508,1485313344375,2017-01-25-11-02-24AM,164.0
509,1485313344555,2017-01-25-11-02-24AM,183.0
510,1485313344739,2017-01-25-11-02-24AM,185.0
511,1485313344918,2017-01-25-11-02-24AM,185.0
512,1485313345100,2017-01-25-11-02-25AM,197.0
513,1485313345280,2017-01-25-11-02-25AM,191.0
514,1485313345458,2017-01-25-11-02-25AM,170.0
515,1485313345638,2017-01-25-11-02-25AM,164.0
516,1485313345819,2017-01-25-11-02-25AM,164.0
517,1485313346001,2017-01-25-11-02-26AM,165.0
518,1485313346181,2017-01-25-11-02-26AM,169.0
519,1485313346358,2017-01-25-11-02-26AM,168.0
520,1485313346540,2017-01-25-11-02-26AM,170.0
521,1485313346720,2017-01-25-11-02-26AM,171.0
522,1485313346899,2017-01-25-11-02-26AM,171.0
523,1485313347081,2017-01-25-11-02-27AM,171.0
524,1485313347261,2017-01-25-11-02-27AM,171.0
525,1485313347442,2017-01-25-11-02-27AM,171.0
526,1485313347624,2017-01-25-11-02-27AM,171.0
527,1485313347802,2017-01-25-11-02-27AM,171.0
528,1485313347982,2017-01-25-11-02-27AM,171.0
529,1485313348162,2017-01-25-11-02-28AM,171.0
530,1485313348345,2017-01-25-11-02-28AM,171.0
531,1485313348522,2017-01-25-11-02-28AM,171.0
532,1485313348700,2017-01-25-11-02-28AM,171.0
533,1485313348885,2017-01-25-11-02-28AM,171.0
534,1485313349060,2017-01-25-11-02-29AM,125.0
535,1485313349243,2017-01-25-11-02-29AM,77.0
536,1485313349423,2017-01-25-11-02-29AM,75.0
537,1485313349600,2017-01-25-11-02-29AM,83.0
538,1485313349785,2017-01-25-11-02-29AM,122.0
539,1485313349965,2017-01-25-11-02-29AM,166.0
540,1485313350143,2017-01-25-11-02-30AM,172.0
541,1485313350326,2017-01-25-11-02-30AM,172.0
542,1485313350529,2017-01-25-11-02-30AM,172.0
543,1485313350685,2017-01-25-11-02-30AM,172.0
544,1485313350865,2017-01-25-11-02-30AM,178.0
545,1485313351045,2017-01-25-11-02-31AM,186.0
546,1485313351224,2017-01-25-11-02-31AM,188.0
547,1485313351405,2017-01-25-11-02-31AM,173.0
548,1485313351582,2017-01-25-11-02-31AM,172.0
549,1485313351767,2017-01-25-11-02-31AM,172.0
550,1485313351947,2017-01-25-11-02-31AM,172.0
551,1485313352126,2017-01-25-11-02-32AM,171.0
552,1485313352307,2017-01-25-11-02-32AM,171.0
553,1485313352484,2017-01-25-11-02-32AM,172.0
554,1485313352665,2017-01-25-11-02-32AM,173.0
555,1485313352848,2017-01-25-11-02-32AM,173.0
556,1485313353028,2017-01-25-11-02-33AM,159.0
557,1485313353208,2017-01-25-11-02-33AM,156.0
558,1485313353385,2017-01-25-11-02-33AM,163.0
559,1485313353565,2017-01-25-11-02-33AM,178.0
560,1485313353748,2017-01-25-11-02-33AM,172.0
561,1485313353929,2017-01-25-11-02-33AM,160.0
562,1485313354110,2017-01-25-11-02-34AM,162.0
563,1485313354287,2017-01-25-11-02-34AM,126.0
564,1485313354469,2017-01-25-11-02-34AM,127.0
565,1485313354647,2017-01-25-11-02-34AM,123.0
566,1485313354829,2017-01-25-11-02-34AM,111.0
567,1485313355008,2017-01-25-11-02-35AM,103.0
568,1485313355188,2017-01-25-11-02-35AM,99.0
569,1485313355373,2017-01-25-11-02-35AM,81.0
570,1485313355547,2017-01-25-11-02-35AM,85.0
571,1485313355729,2017-01-25-11-02-35AM,89.0
572,1485313355909,2017-01-25-11-02-35AM,85.0
573,1485313356089,2017-01-25-11-02-36AM,81.0
574,1485313356266,2017-01-25-11-02-36AM,81.0
575,1485313356450,2017-01-25-11-02-36AM,83.0
576,1485313356632,2017-01-25-11-02-36AM,84.0
577,1485313356811,2017-01-25-11-02-36AM,89.0
578,1485313356986,2017-01-25-11-02-36AM,67.0
579,1485313357168,2017-01-25-11-02-37AM,37.0
580,1485313357351,2017-01-25-11-02-37AM,80.0
581,1485313357532,2017-01-25-11-02-37AM,61.0
582,1485313357714,2017-01-25-11-02-37AM,53.0
583,1485313357892,2017-01-25-11-02-37AM,56.0
584,1485313358070,2017-01-25-11-02-38AM,61.0
585,1485313358252,2017-01-25-11-02-38AM,71.0
586,1485313358432,2017-01-25-11-02-38AM,83.0
587,1485313358609,2017-01-25-11-02-38AM,89.0
588,1485313358792,2017-01-25-11-02-38AM,13.0
589,1485313358974,2017-01-25-11-02-38AM,0.0
590,1485313359154,2017-01-25-11-02-39AM,0.0
591,1485313359331,2017-01-25-11-02-39AM,0.0
592,1485313359513,2017-01-25-11-02-39AM,0.0
593,1485313359694,2017-01-25-11-02-39AM,0.0
594,1485313359875,2017-01-25-11-02-39AM,40.0
595,1485313360055,2017-01-25-11-02-40AM,94.0
596,1485313360234,2017-01-25-11-02-40AM,96.0
597,1485313360413,2017-01-25-11-02-40AM,102.0
598,1485313360595,2017-01-25-11-02-40AM,101.0
599,1485313360776,2017-01-25-11-02-40AM,98.0
600,1485313360955,2017-01-25-11-02-40AM,93.0
601,1485313361136,2017-01-25-11-02-41AM,28.0
602,1485313361313,2017-01-25-11-02-41AM,0.0
603,1485313361495,2017-01-25-11-02-41AM,0.0
604,1485313361675,2017-01-25-11-02-41AM,30.0
605,1485313361857,2017-01-25-11-02-41AM,88.0
606,1485313362037,2017-01-25-11-02-42AM,89.0
607,1485313362217,2017-01-25-11-02-42AM,94.0
608,1485313362394,2017-01-25-11-02-42AM,107.0
609,1485313362573,2017-01-25-11-02-42AM,114.0
610,1485313362756,2017-01-25-11-02-42AM,117.0
611,1485313362933,2017-01-25-11-02-42AM,114.0
612,1485313363118,2017-01-25-11-02-43AM,111.0
613,1485313363298,2017-01-25-11-02-43AM,110.0
614,1485313363478,2017-01-25-11-02-43AM,119.0
615,1485313363655,2017-01-25-11-02-43AM,121.0
616,1485313363835,2017-01-25-11-02-43AM,121.0
617,1485313364017,2017-01-25-11-02-44AM,18.0
618,1485313364228,2017-01-25-11-02-44AM,5.0
619,1485313364375,2017-01-25-11-02-44AM,0.0
620,1485313364559,2017-01-25-11-02-44AM,0.0
621,1485313364737,2017-01-25-11-02-44AM,10.0
622,1485313364919,2017-01-25-11-02-44AM,111.0
623,1485313365097,2017-01-25-11-02-45AM,109.0
624,1485313365278,2017-01-25-11-02-45AM,120.0
625,1485313365459,2017-01-25-11-02-45AM,136.0
626,1485313365638,2017-01-25-11-02-45AM,159.0
627,1485313365819,2017-01-25-11-02-45AM,166.0
628,1485313366000,2017-01-25-11-02-46AM,165.0
629,1485313366180,2017-01-25-11-02-46AM,162.0
630,1485313366358,2017-01-25-11-02-46AM,155.0
631,1485313366541,2017-01-25-11-02-46AM,130.0
632,1485313366719,2017-01-25-11-02-46AM,112.0
633,1485313366901,2017-01-25-11-02-46AM,122.0
634,1485313367078,2017-01-25-11-02-47AM,138.0
635,1485313367258,2017-01-25-11-02-47AM,145.0
636,1485313367438,2017-01-25-11-02-47AM,160.0
637,1485313367623,2017-01-25-11-02-47AM,172.0
638,1485313367801,2017-01-25-11-02-47AM,175.0
639,1485313367978,2017-01-25-11-02-47AM,166.0
640,1485313368160,2017-01-25-11-02-48AM,160.0
641,1485313368339,2017-01-25-11-02-48AM,181.0
642,1485313368520,2017-01-25-11-02-48AM,170.0
643,1485313368700,2017-01-25-11-02-48AM,140.0
644,1485313368881,2017-01-25-11-02-48AM,125.0
645,1485313369061,2017-01-25-11-02-49AM,114.0
646,1485313369242,2017-01-25-11-02-49AM,103.0
647,1485313369424,2017-01-25-11-02-49AM,104.0
648,1485313369602,2017-01-25-11-02-49AM,94.0
649,1485313369779,2017-01-25-11-02-49AM,91.0
650,1485313369962,2017-01-25-11-02-49AM,124.0
651,1485313370141,2017-01-25-11-02-50AM,128.0
652,1485313370372,2017-01-25-11-02-50AM,129.0
653,1485313370503,2017-01-25-11-02-50AM,129.0
654,1485313370680,2017-01-25-11-02-50AM,128.0
655,1485313370863,2017-01-25-11-02-50AM,128.0
656,1485313371042,2017-01-25-11-02-51AM,128.0
657,1485313371224,2017-01-25-11-02-51AM,127.0
658,1485313371402,2017-01-25-11-02-51AM,127.0
659,1485313371582,2017-01-25-11-02-51AM,126.0
660,1485313371762,2017-01-25-11-02-51AM,126.0
661,1485313371944,2017-01-25-11-02-51AM,126.0
662,1485313372123,2017-01-25-11-02-52AM,126.0
663,1485313372305,2017-01-25-11-02-52AM,126.0
664,1485313372483,2017-01-25-11-02-52AM,126.0
665,1485313372665,2017-01-25-11-02-52AM,126.0
666,1485313372843,2017-01-25-11-02-52AM,125.0
667,1485313373028,2017-01-25-11-02-53AM,125.0
668,1485313373206,2017-01-25-11-02-53AM,126.0
669,1485313373386,2017-01-25-11-02-53AM,126.0
670,1485313373564,2017-01-25-11-02-53AM,126.0
671,1485313373743,2017-01-25-11-02-53AM,125.0
672,1485313373927,2017-01-25-11-02-53AM,92.0
673,1485313374104,2017-01-25-11-02-54AM,106.0
674,1485313374288,2017-01-25-11-02-54AM,169.0
675,1485313374468,2017-01-25-11-02-54AM,170.0
676,1485313374649,2017-01-25-11-02-54AM,163.0
677,1485313374825,2017-01-25-11-02-54AM,160.0
678,1485313375009,2017-01-25-11-02-55AM,161.0
679,1485313375189,2017-01-25-11-02-55AM,163.0
680,1485313375373,2017-01-25-11-02-55AM,166.0
681,1485313375548,2017-01-25-11-02-55AM,169.0
682,1485313375730,2017-01-25-11-02-55AM,170.0
683,1485313375910,2017-01-25-11-02-55AM,159.0
684,1485313376089,2017-01-25-11-02-56AM,151.0
685,1485313376271,2017-01-25-11-02-56AM,160.0
686,1485313376450,2017-01-25-11-02-56AM,166.0
687,1485313376628,2017-01-25-11-02-56AM,169.0
688,1485313376808,2017-01-25-11-02-56AM,169.0
689,1485313376991,2017-01-25-11-02-56AM,163.0
690,1485313377170,2017-01-25-11-02-57AM,160.0
691,1485313377349,2017-01-25-11-02-57AM,157.0
692,1485313377532,2017-01-25-11-02-57AM,155.0
693,1485313377709,2017-01-25-11-02-57AM,156.0
694,1485313377892,2017-01-25-11-02-57AM,160.0
695,1485313378072,2017-01-25-11-02-58AM,172.0
696,1485313378250,2017-01-25-11-02-58AM,169.0
697,1485313378432,2017-01-25-11-02-58AM,159.0
698,1485313378611,2017-01-25-11-02-58AM,144.0
699,1485313378793,2017-01-25-11-02-58AM,150.0
700,1485313378969,2017-01-25-11-02-58AM,155.0
701,1485313379151,2017-01-25-11-02-59AM,164.0
702,1485313379331,2017-01-25-11-02-59AM,168.0
703,1485313379509,2017-01-25-11-02-59AM,161.0
704,1485313379694,2017-01-25-11-02-59AM,143.0
705,1485313379872,2017-01-25-11-02-59AM,147.0
706,1485313380051,2017-01-25-11-03-00AM,159.0
707,1485313380229,2017-01-25-11-03-00AM,164.0
708,1485313380413,2017-01-25-11-03-00AM,164.0
709,1485313380593,2017-01-25-11-03-00AM,154.0
710,1485313380770,2017-01-25-11-03-00AM,145.0
711,1485313380955,2017-01-25-11-03-00AM,163.0
712,1485313381135,2017-01-25-11-03-01AM,157.0
713,1485313381313,2017-01-25-11-03-01AM,158.0
714,1485313381496,2017-01-25-11-03-01AM,156.0
715,1485313381675,2017-01-25-11-03-01AM,139.0
716,1485313381856,2017-01-25-11-03-01AM,160.0
717,1485313382037,2017-01-25-11-03-02AM,148.0
718,1485313382217,2017-01-25-11-03-02AM,158.0
719,1485313382395,2017-01-25-11-03-02AM,145.0
720,1485313382577,2017-01-25-11-03-02AM,152.0
721,1485313382754,2017-01-25-11-03-02AM,150.0
722,1485313382935,2017-01-25-11-03-02AM,150.0
723,1485313383116,2017-01-25-11-03-03AM,151.0
724,1485313383297,2017-01-25-11-03-03AM,157.0
725,1485313383476,2017-01-25-11-03-03AM,161.0
726,1485313383658,2017-01-25-11-03-03AM,153.0
727,1485313383833,2017-01-25-11-03-03AM,165.0
728,1485313384019,2017-01-25-11-03-04AM,160.0
729,1485313384198,2017-01-25-11-03-04AM,157.0
730,1485313384376,2017-01-25-11-03-04AM,152.0
731,1485313384557,2017-01-25-11-03-04AM,150.0
732,1485313384739,2017-01-25-11-03-04AM,150.0
733,1485313384917,2017-01-25-11-03-04AM,142.0
734,1485313385095,2017-01-25-11-03-05AM,140.0
735,1485313385276,2017-01-25-11-03-05AM,144.0
736,1485313385460,2017-01-25-11-03-05AM,166.0
737,1485313385638,2017-01-25-11-03-05AM,160.0
738,1485313385819,2017-01-25-11-03-05AM,156.0
739,1485313385998,2017-01-25-11-03-05AM,159.0
740,1485313386179,2017-01-25-11-03-06AM,161.0
741,1485313386360,2017-01-25-11-03-06AM,153.0
742,1485313386541,2017-01-25-11-03-06AM,152.0
743,1485313386721,2017-01-25-11-03-06AM,159.0
744,1485313386901,2017-01-25-11-03-06AM,160.0
745,1485313387076,2017-01-25-11-03-07AM,159.0
746,1485313387260,2017-01-25-11-03-07AM,160.0
747,1485313387438,2017-01-25-11-03-07AM,160.0
748,1485313387621,2017-01-25-11-03-07AM,159.0
749,1485313387802,2017-01-25-11-03-07AM,159.0
750,1485313387982,2017-01-25-11-03-07AM,160.0
751,1485313388162,2017-01-25-11-03-08AM,163.0
752,1485313388341,2017-01-25-11-03-08AM,169.0
753,1485313388522,2017-01-25-11-03-08AM,170.0
754,1485313388703,2017-01-25-11-03-08AM,170.0
755,1485313388883,2017-01-25-11-03-08AM,169.0
756,1485313389059,2017-01-25-11-03-09AM,169.0
757,1485313389239,2017-01-25-11-03-09AM,169.0
758,1485313389421,2017-01-25-11-03-09AM,170.0
759,1485313389603,2017-01-25-11-03-09AM,169.0
760,1485313389784,2017-01-25-11-03-09AM,169.0
761,1485313389965,2017-01-25-11-03-09AM,147.0
762,1485313390141,2017-01-25-11-03-10AM,114.0
763,1485313390324,2017-01-25-11-03-10AM,82.0
764,1485313390504,2017-01-25-11-03-10AM,72.0
765,1485313390684,2017-01-25-11-03-10AM,107.0
766,1485313390861,2017-01-25-11-03-10AM,181.0
767,1485313391045,2017-01-25-11-03-11AM,191.0
768,1485313391226,2017-01-25-11-03-11AM,182.0
769,1485313391405,2017-01-25-11-03-11AM,179.0
770,1485313391587,2017-01-25-11-03-11AM,174.0
771,1485313391763,2017-01-25-11-03-11AM,172.0
772,1485313391946,2017-01-25-11-03-11AM,170.0
773,1485313392126,2017-01-25-11-03-12AM,133.0
774,1485313392307,2017-01-25-11-03-12AM,100.0
775,1485313392486,2017-01-25-11-03-12AM,87.0
776,1485313392667,2017-01-25-11-03-12AM,82.0
777,1485313392845,2017-01-25-11-03-12AM,80.0
778,1485313393026,2017-01-25-11-03-13AM,87.0
779,1485313393206,2017-01-25-11-03-13AM,91.0
780,1485313393385,2017-01-25-11-03-13AM,92.0
781,1485313393568,2017-01-25-11-03-13AM,97.0
782,1485313393748,2017-01-25-11-03-13AM,95.0
783,1485313393926,2017-01-25-11-03-13AM,85.0
784,1485313394109,2017-01-25-11-03-14AM,77.0
785,1485313394315,2017-01-25-11-03-14AM,79.0
786,1485313394469,2017-01-25-11-03-14AM,80.0
787,1485313394650,2017-01-25-11-03-14AM,80.0
788,1485313394828,2017-01-25-11-03-14AM,70.0
789,1485313395006,2017-01-25-11-03-15AM,85.0
790,1485313395188,2017-01-25-11-03-15AM,159.0
791,1485313395367,2017-01-25-11-03-15AM,171.0
792,1485313395548,2017-01-25-11-03-15AM,173.0
793,1485313395729,2017-01-25-11-03-15AM,179.0
794,1485313395908,2017-01-25-11-03-15AM,190.0
795,1485313396090,2017-01-25-11-03-16AM,191.0
796,1485313396269,2017-01-25-11-03-16AM,198.0
797,1485313396449,2017-01-25-11-03-16AM,203.0
798,1485313396629,2017-01-25-11-03-16AM,212.0
799,1485313396811,2017-01-25-11-03-16AM,210.0
800,1485313396986,2017-01-25-11-03-16AM,195.0
801,1485313397168,2017-01-25-11-03-17AM,178.0
802,1485313397349,2017-01-25-11-03-17AM,162.0
803,1485313397531,2017-01-25-11-03-17AM,151.0
804,1485313397709,2017-01-25-11-03-17AM,126.0
805,1485313397887,2017-01-25-11-03-17AM,114.0
806,1485313398068,2017-01-25-11-03-18AM,137.0
807,1485313398251,2017-01-25-11-03-18AM,154.0
808,1485313398428,2017-01-25-11-03-18AM,178.0
809,1485313398612,2017-01-25-11-03-18AM,194.0
810,1485313398793,2017-01-25-11-03-18AM,188.0
811,1485313398970,2017-01-25-11-03-18AM,180.0
812,1485313399149,2017-01-25-11-03-19AM,155.0
813,1485313399332,2017-01-25-11-03-19AM,136.0
814,1485313399513,2017-01-25-11-03-19AM,120.0
815,1485313399692,2017-01-25-11-03-19AM,131.0
816,1485313399869,2017-01-25-11-03-19AM,151.0
817,1485313400055,2017-01-25-11-03-20AM,169.0
818,1485313400235,2017-01-25-11-03-20AM,190.0
819,1485313400409,2017-01-25-11-03-20AM,197.0
820,1485313400591,2017-01-25-11-03-20AM,196.0
821,1485313400773,2017-01-25-11-03-20AM,194.0
822,1485313400954,2017-01-25-11-03-20AM,194.0
823,1485313401133,2017-01-25-11-03-21AM,205.0
824,1485313401313,2017-01-25-11-03-21AM,179.0
825,1485313401495,2017-01-25-11-03-21AM,155.0
826,1485313401675,2017-01-25-11-03-21AM,140.0
827,1485313401854,2017-01-25-11-03-21AM,142.0
828,1485313402035,2017-01-25-11-03-22AM,148.0
829,1485313402215,2017-01-25-11-03-22AM,151.0
830,1485313402394,2017-01-25-11-03-22AM,152.0
831,1485313402576,2017-01-25-11-03-22AM,152.0
832,1485313402757,2017-01-25-11-03-22AM,151.0
833,1485313402935,2017-01-25-11-03-22AM,151.0
834,1485313403116,2017-01-25-11-03-23AM,151.0
835,1485313403297,2017-01-25-11-03-23AM,152.0
836,1485313403475,2017-01-25-11-03-23AM,151.0
837,1485313403657,2017-01-25-11-03-23AM,151.0
838,1485313403843,2017-01-25-11-03-23AM,152.0
839,1485313404016,2017-01-25-11-03-24AM,152.0
840,1485313404196,2017-01-25-11-03-24AM,151.0
841,1485313404375,2017-01-25-11-03-24AM,152.0
842,1485313404556,2017-01-25-11-03-24AM,149.0
843,1485313404737,2017-01-25-11-03-24AM,151.0
844,1485313404913,2017-01-25-11-03-24AM,148.0
845,1485313405098,2017-01-25-11-03-25AM,129.0
846,1485313405276,2017-01-25-11-03-25AM,121.0
847,1485313405458,2017-01-25-11-03-25AM,109.0
848,1485313405637,2017-01-25-11-03-25AM,112.0
849,1485313405818,2017-01-25-11-03-25AM,112.0
850,1485313405998,2017-01-25-11-03-25AM,119.0
851,1485313406176,2017-01-25-11-03-26AM,117.0
852,1485313406358,2017-01-25-11-03-26AM,119.0
853,1485313406540,2017-01-25-11-03-26AM,120.0
854,1485313406719,2017-01-25-11-03-26AM,132.0
855,1485313406896,2017-01-25-11-03-26AM,137.0
856,1485313407078,2017-01-25-11-03-27AM,185.0
857,1485313407258,2017-01-25-11-03-27AM,188.0
858,1485313407438,2017-01-25-11-03-27AM,175.0
859,1485313407621,2017-01-25-11-03-27AM,79.0
860,1485313407800,2017-01-25-11-03-27AM,42.0
861,1485313407977,2017-01-25-11-03-27AM,59.0
862,1485313408158,2017-01-25-11-03-28AM,141.0
863,1485313408338,2017-01-25-11-03-28AM,172.0
864,1485313408520,2017-01-25-11-03-28AM,182.0
865,1485313408702,2017-01-25-11-03-28AM,183.0
866,1485313408888,2017-01-25-11-03-28AM,180.0
867,1485313409062,2017-01-25-11-03-29AM,176.0
868,1485313409239,2017-01-25-11-03-29AM,165.0
869,1485313409424,2017-01-25-11-03-29AM,161.0
870,1485313409602,2017-01-25-11-03-29AM,154.0
871,1485313409782,2017-01-25-11-03-29AM,143.0
872,1485313409964,2017-01-25-11-03-29AM,127.0
873,1485313410141,2017-01-25-11-03-30AM,115.0
874,1485313410324,2017-01-25-11-03-30AM,162.0
875,1485313410504,2017-01-25-11-03-30AM,175.0
876,1485313410684,2017-01-25-11-03-30AM,181.0
877,1485313410863,2017-01-25-11-03-30AM,185.0
878,1485313411044,2017-01-25-11-03-31AM,191.0
879,1485313411225,2017-01-25-11-03-31AM,194.0
880,1485313411402,2017-01-25-11-03-31AM,194.0
881,1485313411585,2017-01-25-11-03-31AM,194.0
882,1485313411766,2017-01-25-11-03-31AM,196.0
883,1485313411943,2017-01-25-11-03-31AM,183.0
884,1485313412125,2017-01-25-11-03-32AM,104.0
885,1485313412304,2017-01-25-11-03-32AM,55.0
886,1485313412486,2017-01-25-11-03-32AM,35.0
887,1485313412666,2017-01-25-11-03-32AM,30.0
888,1485313412846,2017-01-25-11-03-32AM,56.0
889,1485313413024,2017-01-25-11-03-33AM,94.0
890,1485313413206,2017-01-25-11-03-33AM,155.0
891,1485313413386,2017-01-25-11-03-33AM,182.0
892,1485313413568,2017-01-25-11-03-33AM,185.0
893,1485313413747,2017-01-25-11-03-33AM,185.0
894,1485313413924,2017-01-25-11-03-33AM,186.0
895,1485313414107,2017-01-25-11-03-34AM,187.0
896,1485313414288,2017-01-25-11-03-34AM,190.0
897,1485313414467,2017-01-25-11-03-34AM,177.0
898,1485313414644,2017-01-25-11-03-34AM,181.0
899,1485313414829,2017-01-25-11-03-34AM,182.0
900,1485313415006,2017-01-25-11-03-35AM,183.0
901,1485313415186,2017-01-25-11-03-35AM,182.0
902,1485313415367,2017-01-25-11-03-35AM,182.0
903,1485313415548,2017-01-25-11-03-35AM,182.0
904,1485313415729,2017-01-25-11-03-35AM,182.0
905,1485313415910,2017-01-25-11-03-35AM,182.0
906,1485313416089,2017-01-25-11-03-36AM,182.0
907,1485313416268,2017-01-25-11-03-36AM,186.0
908,1485313416448,2017-01-25-11-03-36AM,199.0
909,1485313416626,2017-01-25-11-03-36AM,142.0
910,1485313416809,2017-01-25-11-03-36AM,78.0
911,1485313416987,2017-01-25-11-03-36AM,88.0
912,1485313417168,2017-01-25-11-03-37AM,114.0
913,1485313417347,2017-01-25-11-03-37AM,139.0
914,1485313417530,2017-01-25-11-03-37AM,139.0
915,1485313417712,2017-01-25-11-03-37AM,151.0
916,1485313417888,2017-01-25-11-03-37AM,157.0
917,1485313418069,2017-01-25-11-03-38AM,158.0
918,1485313418249,2017-01-25-11-03-38AM,158.0
919,1485313418430,2017-01-25-11-03-38AM,168.0
920,1485313418610,2017-01-25-11-03-38AM,169.0
921,1485313418790,2017-01-25-11-03-38AM,169.0
922,1485313418970,2017-01-25-11-03-38AM,168.0
923,1485313419151,2017-01-25-11-03-39AM,169.0
924,1485313419329,2017-01-25-11-03-39AM,169.0
925,1485313419511,2017-01-25-11-03-39AM,168.0
926,1485313419692,2017-01-25-11-03-39AM,168.0
927,1485313419870,2017-01-25-11-03-39AM,168.0
928,1485313420049,2017-01-25-11-03-40AM,168.0
929,1485313420234,2017-01-25-11-03-40AM,168.0
930,1485313420413,2017-01-25-11-03-40AM,168.0
931,1485313420594,2017-01-25-11-03-40AM,168.0
932,1485313420775,2017-01-25-11-03-40AM,168.0
933,1485313420979,2017-01-25-11-03-40AM,168.0
934,1485313421134,2017-01-25-11-03-41AM,168.0
935,1485313421315,2017-01-25-11-03-41AM,169.0
936,1485313421490,2017-01-25-11-03-41AM,169.0
937,1485313421672,2017-01-25-11-03-41AM,169.0
938,1485313421855,2017-01-25-11-03-41AM,168.0
939,1485313422034,2017-01-25-11-03-42AM,168.0
940,1485313422213,2017-01-25-11-03-42AM,169.0
941,1485313422394,2017-01-25-11-03-42AM,168.0
942,1485313422576,2017-01-25-11-03-42AM,168.0
943,1485313422756,2017-01-25-11-03-42AM,168.0
944,1485313422936,2017-01-25-11-03-42AM,168.0
945,1485313423114,2017-01-25-11-03-43AM,168.0
946,1485313423296,2017-01-25-11-03-43AM,169.0
947,1485313423476,2017-01-25-11-03-43AM,168.0
948,1485313423657,2017-01-25-11-03-43AM,168.0
949,1485313423835,2017-01-25-11-03-43AM,166.0
950,1485313424016,2017-01-25-11-03-44AM,166.0
951,1485313424196,2017-01-25-11-03-44AM,169.0
952,1485313424401,2017-01-25-11-03-44AM,168.0
953,1485313424557,2017-01-25-11-03-44AM,168.0
954,1485313424737,2017-01-25-11-03-44AM,168.0
955,1485313424919,2017-01-25-11-03-44AM,168.0
956,1485313425098,2017-01-25-11-03-45AM,168.0
957,1485313425279,2017-01-25-11-03-45AM,168.0
958,1485313425454,2017-01-25-11-03-45AM,169.0
959,1485313425636,2017-01-25-11-03-45AM,168.0
960,1485313425819,2017-01-25-11-03-45AM,168.0
961,1485313426010,2017-01-25-11-03-46AM,168.0
962,1485313426175,2017-01-25-11-03-46AM,168.0
963,1485313426357,2017-01-25-11-03-46AM,168.0
964,1485313426536,2017-01-25-11-03-46AM,168.0
965,1485313426719,2017-01-25-11-03-46AM,168.0
966,1485313426898,2017-01-25-11-03-46AM,168.0
967,1485313427075,2017-01-25-11-03-47AM,168.0
968,1485313427258,2017-01-25-11-03-47AM,168.0
969,1485313427437,2017-01-25-11-03-47AM,168.0
970,1485313427619,2017-01-25-11-03-47AM,168.0
971,1485313427801,2017-01-25-11-03-47AM,168.0
972,1485313427981,2017-01-25-11-03-47AM,168.0
973,1485313428159,2017-01-25-11-03-48AM,165.0
974,1485313428339,2017-01-25-11-03-48AM,168.0
975,1485313428524,2017-01-25-11-03-48AM,168.0
976,1485313428702,2017-01-25-11-03-48AM,168.0
977,1485313428881,2017-01-25-11-03-48AM,166.0
978,1485313429060,2017-01-25-11-03-49AM,166.0
979,1485313429239,2017-01-25-11-03-49AM,166.0
980,1485313429424,2017-01-25-11-03-49AM,166.0
981,1485313429602,2017-01-25-11-03-49AM,166.0
982,1485313429780,2017-01-25-11-03-49AM,166.0
983,1485313429961,2017-01-25-11-03-49AM,166.0
984,1485313430139,2017-01-25-11-03-50AM,165.0
985,1485313430324,2017-01-25-11-03-50AM,168.0
986,1485313430504,2017-01-25-11-03-50AM,168.0
987,1485313430680,2017-01-25-11-03-50AM,168.0
988,1485313430864,2017-01-25-11-03-50AM,168.0
989,1485313431039,2017-01-25-11-03-51AM,168.0
990,1485313431223,2017-01-25-11-03-51AM,168.0
991,1485313431404,2017-01-25-11-03-51AM,168.0
992,1485313431584,2017-01-25-11-03-51AM,168.0
993,1485313431764,2017-01-25-11-03-51AM,166.0
994,1485313431944,2017-01-25-11-03-51AM,168.0
995,1485313432122,2017-01-25-11-03-52AM,168.0
996,1485313432305,2017-01-25-11-03-52AM,166.0
997,1485313432485,2017-01-25-11-03-52AM,170.0
998,1485313432666,2017-01-25-11-03-52AM,163.0
999,1485313432846,2017-01-25-11-03-52AM,117.0
1000,1485313433021,2017-01-25-11-03-53AM,192.0
1001,1485313433202,2017-01-25-11-03-53AM,211.0
1002,1485313433383,2017-01-25-11-03-53AM,179.0
1003,1485313433565,2017-01-25-11-03-53AM,168.0
1004,1485313433746,2017-01-25-11-03-53AM,165.0
1005,1485313433926,2017-01-25-11-03-53AM,145.0
1006,1485313434102,2017-01-25-11-03-54AM,128.0
1007,1485313434287,2017-01-25-11-03-54AM,119.0
1008,1485313434464,2017-01-25-11-03-54AM,104.0
1009,1485313434643,2017-01-25-11-03-54AM,106.0
1010,1485313434826,2017-01-25-11-03-54AM,103.0
1011,1485313435007,2017-01-25-11-03-55AM,105.0
1012,1485313435184,2017-01-25-11-03-55AM,103.0
1013,1485313435366,2017-01-25-11-03-55AM,99.0
1014,1485313435547,2017-01-25-11-03-55AM,100.0
1015,1485313435724,2017-01-25-11-03-55AM,100.0
1016,1485313435906,2017-01-25-11-03-55AM,95.0
1017,1485313436088,2017-01-25-11-03-56AM,100.0
1018,1485313436266,2017-01-25-11-03-56AM,134.0
1019,1485313436446,2017-01-25-11-03-56AM,152.0
1020,1485313436638,2017-01-25-11-03-56AM,160.0
1021,1485313436807,2017-01-25-11-03-56AM,168.0
1022,1485313436987,2017-01-25-11-03-56AM,172.0
1023,1485313437168,2017-01-25-11-03-57AM,173.0
1024,1485313437347,2017-01-25-11-03-57AM,173.0
1025,1485313437528,2017-01-25-11-03-57AM,177.0
1026,1485313437708,2017-01-25-11-03-57AM,185.0
1027,1485313437886,2017-01-25-11-03-57AM,188.0
1028,1485313438067,2017-01-25-11-03-58AM,189.0
1029,1485313438248,2017-01-25-11-03-58AM,192.0
1030,1485313438429,2017-01-25-11-03-58AM,192.0
1031,1485313438609,2017-01-25-11-03-58AM,191.0
1032,1485313438788,2017-01-25-11-03-58AM,190.0
1033,1485313438969,2017-01-25-11-03-58AM,190.0
1034,1485313439149,2017-01-25-11-03-59AM,191.0
1035,1485313439329,2017-01-25-11-03-59AM,191.0
1036,1485313439509,2017-01-25-11-03-59AM,191.0
1037,1485313439689,2017-01-25-11-03-59AM,191.0
1038,1485313439870,2017-01-25-11-03-59AM,192.0
1039,1485313440048,2017-01-25-11-04-00AM,192.0
1040,1485313440229,2017-01-25-11-04-00AM,192.0
1041,1485313440410,2017-01-25-11-04-00AM,192.0
1042,1485313440590,2017-01-25-11-04-00AM,193.0
1043,1485313440771,2017-01-25-11-04-00AM,193.0
1044,1485313440953,2017-01-25-11-04-00AM,174.0
1045,1485313441129,2017-01-25-11-04-01AM,151.0
1046,1485313441315,2017-01-25-11-04-01AM,158.0
1047,1485313441492,2017-01-25-11-04-01AM,174.0
1048,1485313441671,2017-01-25-11-04-01AM,160.0
1049,1485313441854,2017-01-25-11-04-01AM,137.0
1050,1485313442035,2017-01-25-11-04-02AM,108.0
1051,1485313442213,2017-01-25-11-04-02AM,110.0
1052,1485313442393,2017-01-25-11-04-02AM,99.0
1053,1485313442575,2017-01-25-11-04-02AM,101.0
1054,1485313442756,2017-01-25-11-04-02AM,87.0
1055,1485313442936,2017-01-25-11-04-02AM,78.0
1056,1485313443111,2017-01-25-11-04-03AM,84.0
1057,1485313443294,2017-01-25-11-04-03AM,86.0
1058,1485313443474,2017-01-25-11-04-03AM,85.0
1059,1485313443655,2017-01-25-11-04-03AM,85.0
1060,1485313443837,2017-01-25-11-04-03AM,86.0
1061,1485313444017,2017-01-25-11-04-04AM,83.0
1062,1485313444196,2017-01-25-11-04-04AM,84.0
1063,1485313444375,2017-01-25-11-04-04AM,83.0
1064,1485313444555,2017-01-25-11-04-04AM,84.0
1065,1485313444736,2017-01-25-11-04-04AM,85.0
1066,1485313444918,2017-01-25-11-04-04AM,86.0
1067,1485313445093,2017-01-25-11-04-05AM,87.0
1068,1485313445278,2017-01-25-11-04-05AM,87.0
1069,1485313445455,2017-01-25-11-04-05AM,87.0
1070,1485313445636,2017-01-25-11-04-05AM,88.0
1071,1485313445818,2017-01-25-11-04-05AM,88.0
1072,1485313445999,2017-01-25-11-04-05AM,88.0
1073,1485313446179,2017-01-25-11-04-06AM,89.0
1074,1485313446359,2017-01-25-11-04-06AM,89.0
1075,1485313446539,2017-01-25-11-04-06AM,89.0
1076,1485313446718,2017-01-25-11-04-06AM,93.0
1077,1485313446899,2017-01-25-11-04-06AM,113.0
1078,1485313447096,2017-01-25-11-04-07AM,119.0
1079,1485313447255,2017-01-25-11-04-07AM,118.0
1080,1485313447439,2017-01-25-11-04-07AM,117.0
1081,1485313447618,2017-01-25-11-04-07AM,116.0
1082,1485313447800,2017-01-25-11-04-07AM,115.0
1083,1485313447980,2017-01-25-11-04-07AM,115.0
1084,1485313448156,2017-01-25-11-04-08AM,115.0
1085,1485313448340,2017-01-25-11-04-08AM,115.0
1086,1485313448521,2017-01-25-11-04-08AM,109.0
1087,1485313448700,2017-01-25-11-04-08AM,93.0
1088,1485313448882,2017-01-25-11-04-08AM,83.0
1089,1485313449060,2017-01-25-11-04-09AM,87.0
1090,1485313449237,2017-01-25-11-04-09AM,89.0
1091,1485313449421,2017-01-25-11-04-09AM,89.0
1092,1485313449599,2017-01-25-11-04-09AM,90.0
1093,1485313449782,2017-01-25-11-04-09AM,90.0
1094,1485313449963,2017-01-25-11-04-09AM,90.0
1095,1485313450163,2017-01-25-11-04-10AM,93.0
1096,1485313450322,2017-01-25-11-04-10AM,108.0
1097,1485313450501,2017-01-25-11-04-10AM,111.0
1098,1485313450684,2017-01-25-11-04-10AM,108.0
1099,1485313450864,2017-01-25-11-04-10AM,109.0
1100,1485313451044,2017-01-25-11-04-11AM,111.0
1101,1485313451219,2017-01-25-11-04-11AM,108.0
1102,1485313451403,2017-01-25-11-04-11AM,101.0
1103,1485313451584,2017-01-25-11-04-11AM,103.0
1104,1485313451765,2017-01-25-11-04-11AM,108.0
1105,1485313451945,2017-01-25-11-04-11AM,109.0
1106,1485313452125,2017-01-25-11-04-12AM,108.0
1107,1485313452304,2017-01-25-11-04-12AM,108.0
1108,1485313452484,2017-01-25-11-04-12AM,105.0
1109,1485313452665,2017-01-25-11-04-12AM,95.0
1110,1485313452845,2017-01-25-11-04-12AM,93.0
1111,1485313453026,2017-01-25-11-04-13AM,99.0
1112,1485313453205,2017-01-25-11-04-13AM,99.0
1113,1485313453384,2017-01-25-11-04-13AM,100.0
1114,1485313453564,2017-01-25-11-04-13AM,99.0
1115,1485313453746,2017-01-25-11-04-13AM,97.0
1116,1485313453927,2017-01-25-11-04-13AM,95.0
1117,1485313454107,2017-01-25-11-04-14AM,97.0
1118,1485313454286,2017-01-25-11-04-14AM,98.0
1119,1485313454496,2017-01-25-11-04-14AM,98.0
1120,1485313454648,2017-01-25-11-04-14AM,98.0
1121,1485313454826,2017-01-25-11-04-14AM,99.0
1122,1485313455006,2017-01-25-11-04-15AM,99.0
1123,1485313455187,2017-01-25-11-04-15AM,98.0
1124,1485313455367,2017-01-25-11-04-15AM,99.0
1125,1485313455548,2017-01-25-11-04-15AM,99.0
1126,1485313455729,2017-01-25-11-04-15AM,99.0
1127,1485313455908,2017-01-25-11-04-15AM,99.0
1128,1485313456088,2017-01-25-11-04-16AM,99.0
1129,1485313456267,2017-01-25-11-04-16AM,99.0
1130,1485313456448,2017-01-25-11-04-16AM,99.0
1131,1485313456629,2017-01-25-11-04-16AM,99.0
1132,1485313456807,2017-01-25-11-04-16AM,94.0
1133,1485313456989,2017-01-25-11-04-16AM,88.0
1134,1485313457171,2017-01-25-11-04-17AM,95.0
1135,1485313457350,2017-01-25-11-04-17AM,95.0
1136,1485313457528,2017-01-25-11-04-17AM,95.0
1137,1485313457709,2017-01-25-11-04-17AM,95.0
1138,1485313457890,2017-01-25-11-04-17AM,95.0
1139,1485313458069,2017-01-25-11-04-18AM,95.0
1140,1485313458247,2017-01-25-11-04-18AM,95.0
1141,1485313458427,2017-01-25-11-04-18AM,95.0
1142,1485313458611,2017-01-25-11-04-18AM,95.0
1143,1485313458787,2017-01-25-11-04-18AM,95.0
1144,1485313458971,2017-01-25-11-04-18AM,95.0
1145,1485313459149,2017-01-25-11-04-19AM,95.0
1146,1485313459328,2017-01-25-11-04-19AM,95.0
1147,1485313459508,2017-01-25-11-04-19AM,96.0
1148,1485313459693,2017-01-25-11-04-19AM,100.0
1149,1485313459870,2017-01-25-11-04-19AM,101.0
1150,1485313460052,2017-01-25-11-04-20AM,102.0
1151,1485313460230,2017-01-25-11-04-20AM,102.0
1152,1485313460412,2017-01-25-11-04-20AM,102.0
1153,1485313460594,2017-01-25-11-04-20AM,102.0
1154,1485313460774,2017-01-25-11-04-20AM,101.0
1155,1485313460954,2017-01-25-11-04-20AM,101.0
1156,1485313461132,2017-01-25-11-04-21AM,101.0
1157,1485313461312,2017-01-25-11-04-21AM,101.0
1158,1485313461492,2017-01-25-11-04-21AM,101.0
1159,1485313461674,2017-01-25-11-04-21AM,101.0
1160,1485313461853,2017-01-25-11-04-21AM,101.0
1161,1485313462035,2017-01-25-11-04-22AM,102.0
1162,1485313462213,2017-01-25-11-04-22AM,102.0
1163,1485313462393,2017-01-25-11-04-22AM,102.0
1164,1485313462574,2017-01-25-11-04-22AM,102.0
1165,1485313462755,2017-01-25-11-04-22AM,102.0
1166,1485313462936,2017-01-25-11-04-22AM,102.0
1167,1485313463114,2017-01-25-11-04-23AM,102.0
1168,1485313463295,2017-01-25-11-04-23AM,101.0
1169,1485313463475,2017-01-25-11-04-23AM,101.0
1170,1485313463653,2017-01-25-11-04-23AM,101.0
1171,1485313463835,2017-01-25-11-04-23AM,95.0
1172,1485313464015,2017-01-25-11-04-24AM,86.0
1173,1485313464196,2017-01-25-11-04-24AM,84.0
1174,1485313464374,2017-01-25-11-04-24AM,85.0
1175,1485313464557,2017-01-25-11-04-24AM,85.0
1176,1485313464737,2017-01-25-11-04-24AM,86.0
1177,1485313464913,2017-01-25-11-04-24AM,86.0
1178,1485313465096,2017-01-25-11-04-25AM,86.0
1179,1485313465272,2017-01-25-11-04-25AM,86.0
1180,1485313465456,2017-01-25-11-04-25AM,86.0
1181,1485313465638,2017-01-25-11-04-25AM,87.0
1182,1485313465816,2017-01-25-11-04-25AM,87.0
1183,1485313465998,2017-01-25-11-04-25AM,87.0
1184,1485313466178,2017-01-25-11-04-26AM,87.0
1185,1485313466356,2017-01-25-11-04-26AM,87.0
1186,1485313466539,2017-01-25-11-04-26AM,95.0
1187,1485313466719,2017-01-25-11-04-26AM,99.0
1188,1485313466898,2017-01-25-11-04-26AM,102.0
1189,1485313467078,2017-01-25-11-04-27AM,101.0
1190,1485313467257,2017-01-25-11-04-27AM,100.0
1191,1485313467437,2017-01-25-11-04-27AM,100.0
1192,1485313467615,2017-01-25-11-04-27AM,97.0
1193,1485313467796,2017-01-25-11-04-27AM,97.0
1194,1485313467977,2017-01-25-11-04-27AM,98.0
1195,1485313468157,2017-01-25-11-04-28AM,98.0
1196,1485313468336,2017-01-25-11-04-28AM,97.0
1197,1485313468517,2017-01-25-11-04-28AM,98.0
1198,1485313468696,2017-01-25-11-04-28AM,98.0
1199,1485313468876,2017-01-25-11-04-28AM,98.0
1200,1485313469057,2017-01-25-11-04-29AM,97.0
1201,1485313469237,2017-01-25-11-04-29AM,96.0
1202,1485313469417,2017-01-25-11-04-29AM,97.0
1203,1485313469598,2017-01-25-11-04-29AM,96.0
1204,1485313469777,2017-01-25-11-04-29AM,96.0
1205,1485313469957,2017-01-25-11-04-29AM,97.0
1206,1485313470138,2017-01-25-11-04-30AM,97.0
1207,1485313470318,2017-01-25-11-04-30AM,96.0
1208,1485313470498,2017-01-25-11-04-30AM,95.0
1209,1485313470678,2017-01-25-11-04-30AM,93.0
1210,1485313470858,2017-01-25-11-04-30AM,93.0
1211,1485313471042,2017-01-25-11-04-31AM,91.0
1212,1485313471219,2017-01-25-11-04-31AM,93.0
1213,1485313471403,2017-01-25-11-04-31AM,93.0
1214,1485313471584,2017-01-25-11-04-31AM,91.0
1215,1485313471763,2017-01-25-11-04-31AM,91.0
1216,1485313471944,2017-01-25-11-04-31AM,93.0
1217,1485313472125,2017-01-25-11-04-32AM,93.0
1218,1485313472304,2017-01-25-11-04-32AM,94.0
1219,1485313472484,2017-01-25-11-04-32AM,94.0
1220,1485313472659,2017-01-25-11-04-32AM,94.0
1221,1485313472844,2017-01-25-11-04-32AM,94.0
1222,1485313473026,2017-01-25-11-04-33AM,94.0
1223,1485313473205,2017-01-25-11-04-33AM,93.0
1224,1485313473383,2017-01-25-11-04-33AM,82.0
1225,1485313473564,2017-01-25-11-04-33AM,74.0
1226,1485313473744,2017-01-25-11-04-33AM,65.0
1227,1485313473927,2017-01-25-11-04-33AM,64.0
1228,1485313474105,2017-01-25-11-04-34AM,63.0
1229,1485313474284,2017-01-25-11-04-34AM,63.0
1230,1485313474466,2017-01-25-11-04-34AM,66.0
1231,1485313474647,2017-01-25-11-04-34AM,63.0
1232,1485313474823,2017-01-25-11-04-34AM,65.0
1233,1485313475005,2017-01-25-11-04-35AM,66.0
1234,1485313475187,2017-01-25-11-04-35AM,63.0
1235,1485313475367,2017-01-25-11-04-35AM,65.0
1236,1485313475546,2017-01-25-11-04-35AM,66.0
1237,1485313475726,2017-01-25-11-04-35AM,58.0
1238,1485313475907,2017-01-25-11-04-35AM,48.0
1239,1485313476086,2017-01-25-11-04-36AM,52.0
1240,1485313476266,2017-01-25-11-04-36AM,93.0
1241,1485313476448,2017-01-25-11-04-36AM,105.0
1242,1485313476629,2017-01-25-11-04-36AM,115.0
1243,1485313476809,2017-01-25-11-04-36AM,117.0
1244,1485313476988,2017-01-25-11-04-36AM,118.0
1245,1485313477172,2017-01-25-11-04-37AM,117.0
1246,1485313477346,2017-01-25-11-04-37AM,116.0
1247,1485313477528,2017-01-25-11-04-37AM,117.0
1248,1485313477708,2017-01-25-11-04-37AM,116.0
1249,1485313477890,2017-01-25-11-04-37AM,116.0
1250,1485313478070,2017-01-25-11-04-38AM,115.0
1251,1485313478248,2017-01-25-11-04-38AM,114.0
1252,1485313478429,2017-01-25-11-04-38AM,115.0
1253,1485313478609,2017-01-25-11-04-38AM,113.0
1254,1485313478791,2017-01-25-11-04-38AM,106.0
1255,1485313478971,2017-01-25-11-04-38AM,98.0
1256,1485313479148,2017-01-25-11-04-39AM,90.0
1257,1485313479329,2017-01-25-11-04-39AM,85.0
1258,1485313479509,2017-01-25-11-04-39AM,82.0
1259,1485313479690,2017-01-25-11-04-39AM,80.0
1260,1485313479867,2017-01-25-11-04-39AM,78.0
1261,1485313480049,2017-01-25-11-04-40AM,69.0
1262,1485313480228,2017-01-25-11-04-40AM,65.0
1263,1485313480407,2017-01-25-11-04-40AM,56.0
1264,1485313480591,2017-01-25-11-04-40AM,106.0
1265,1485313480769,2017-01-25-11-04-40AM,129.0
1266,1485313480950,2017-01-25-11-04-40AM,133.0
1267,1485313481134,2017-01-25-11-04-41AM,132.0
1268,1485313481313,2017-01-25-11-04-41AM,129.0
1269,1485313481491,2017-01-25-11-04-41AM,125.0
1270,1485313481672,2017-01-25-11-04-41AM,122.0
1271,1485313481854,2017-01-25-11-04-41AM,115.0
1272,1485313482033,2017-01-25-11-04-42AM,111.0
1273,1485313482214,2017-01-25-11-04-42AM,108.0
1274,1485313482393,2017-01-25-11-04-42AM,93.0
1275,1485313482575,2017-01-25-11-04-42AM,93.0
1276,1485313482754,2017-01-25-11-04-42AM,88.0
1277,1485313482934,2017-01-25-11-04-42AM,83.0
1278,1485313483119,2017-01-25-11-04-43AM,84.0
1279,1485313483292,2017-01-25-11-04-43AM,83.0
1280,1485313483475,2017-01-25-11-04-43AM,88.0
1281,1485313483655,2017-01-25-11-04-43AM,94.0
1282,1485313483834,2017-01-25-11-04-43AM,105.0
1283,1485313484015,2017-01-25-11-04-44AM,111.0
1284,1485313484194,2017-01-25-11-04-44AM,118.0
1285,1485313484377,2017-01-25-11-04-44AM,120.0
1286,1485313484583,2017-01-25-11-04-44AM,121.0
1287,1485313484737,2017-01-25-11-04-44AM,119.0
1288,1485313484913,2017-01-25-11-04-44AM,119.0
1289,1485313485097,2017-01-25-11-04-45AM,119.0
1290,1485313485275,2017-01-25-11-04-45AM,110.0
1291,1485313485454,2017-01-25-11-04-45AM,94.0
1292,1485313485637,2017-01-25-11-04-45AM,98.0
1293,1485313485815,2017-01-25-11-04-45AM,107.0
1294,1485313485997,2017-01-25-11-04-45AM,121.0
1295,1485313486174,2017-01-25-11-04-46AM,128.0
1296,1485313486357,2017-01-25-11-04-46AM,127.0
1297,1485313486538,2017-01-25-11-04-46AM,123.0
1298,1485313486719,2017-01-25-11-04-46AM,127.0
1299,1485313486899,2017-01-25-11-04-46AM,125.0
1300,1485313487079,2017-01-25-11-04-47AM,117.0
1301,1485313487256,2017-01-25-11-04-47AM,105.0
1302,1485313487437,2017-01-25-11-04-47AM,109.0
1303,1485313487618,2017-01-25-11-04-47AM,125.0
1304,1485313487800,2017-01-25-11-04-47AM,125.0
1305,1485313487980,2017-01-25-11-04-47AM,125.0
1306,1485313488158,2017-01-25-11-04-48AM,124.0
1307,1485313488342,2017-01-25-11-04-48AM,118.0
1308,1485313488519,2017-01-25-11-04-48AM,110.0
1309,1485313488699,2017-01-25-11-04-48AM,111.0
1310,1485313488881,2017-01-25-11-04-48AM,111.0
1311,1485313489061,2017-01-25-11-04-49AM,113.0
1312,1485313489237,2017-01-25-11-04-49AM,120.0
1313,1485313489421,2017-01-25-11-04-49AM,124.0
1314,1485313489601,2017-01-25-11-04-49AM,120.0
1315,1485313489781,2017-01-25-11-04-49AM,123.0
1316,1485313489960,2017-01-25-11-04-49AM,122.0
1317,1485313490137,2017-01-25-11-04-50AM,121.0
1318,1485313490322,2017-01-25-11-04-50AM,118.0
1319,1485313490501,2017-01-25-11-04-50AM,118.0
1320,1485313490682,2017-01-25-11-04-50AM,122.0
1321,1485313490862,2017-01-25-11-04-50AM,121.0
1322,1485313491044,2017-01-25-11-04-51AM,110.0
1323,1485313491222,2017-01-25-11-04-51AM,93.0
1324,1485313491403,2017-01-25-11-04-51AM,75.0
1325,1485313491580,2017-01-25-11-04-51AM,68.0
1326,1485313491760,2017-01-25-11-04-51AM,65.0
1327,1485313491944,2017-01-25-11-04-51AM,63.0
1328,1485313492125,2017-01-25-11-04-52AM,68.0
1329,1485313492304,2017-01-25-11-04-52AM,88.0
1330,1485313492484,2017-01-25-11-04-52AM,101.0
1331,1485313492664,2017-01-25-11-04-52AM,114.0
1332,1485313492842,2017-01-25-11-04-52AM,120.0
1333,1485313493020,2017-01-25-11-04-53AM,126.0
1334,1485313493203,2017-01-25-11-04-53AM,122.0
1335,1485313493401,2017-01-25-11-04-53AM,114.0
1336,1485313493564,2017-01-25-11-04-53AM,106.0
1337,1485313493744,2017-01-25-11-04-53AM,94.0
1338,1485313493924,2017-01-25-11-04-53AM,68.0
1339,1485313494104,2017-01-25-11-04-54AM,49.0
1340,1485313494291,2017-01-25-11-04-54AM,37.0
1341,1485313494465,2017-01-25-11-04-54AM,35.0
1342,1485313494646,2017-01-25-11-04-54AM,36.0
1343,1485313494827,2017-01-25-11-04-54AM,32.0
1344,1485313495007,2017-01-25-11-04-55AM,27.0
1345,1485313495182,2017-01-25-11-04-55AM,26.0
1346,1485313495366,2017-01-25-11-04-55AM,24.0
1347,1485313495544,2017-01-25-11-04-55AM,21.0
1348,1485313495727,2017-01-25-11-04-55AM,21.0
1349,1485313495907,2017-01-25-11-04-55AM,21.0
1350,1485313496087,2017-01-25-11-04-56AM,20.0
1351,1485313496264,2017-01-25-11-04-56AM,21.0
1352,1485313496447,2017-01-25-11-04-56AM,24.0
1353,1485313496626,2017-01-25-11-04-56AM,21.0
1354,1485313496809,2017-01-25-11-04-56AM,21.0
1355,1485313496989,2017-01-25-11-04-56AM,24.0
1356,1485313497167,2017-01-25-11-04-57AM,27.0
1357,1485313497345,2017-01-25-11-04-57AM,28.0
1358,1485313497528,2017-01-25-11-04-57AM,28.0
1359,1485313497708,2017-01-25-11-04-57AM,31.0
1360,1485313497890,2017-01-25-11-04-57AM,34.0
1361,1485313498070,2017-01-25-11-04-58AM,40.0
1362,1485313498248,2017-01-25-11-04-58AM,44.0
1363,1485313498427,2017-01-25-11-04-58AM,52.0
1364,1485313498610,2017-01-25-11-04-58AM,56.0
1365,1485313498790,2017-01-25-11-04-58AM,66.0
1366,1485313498968,2017-01-25-11-04-58AM,73.0
1367,1485313499149,2017-01-25-11-04-59AM,97.0
1368,1485313499328,2017-01-25-11-04-59AM,102.0
1369,1485313499510,2017-01-25-11-04-59AM,109.0
1370,1485313499689,2017-01-25-11-04-59AM,115.0
1371,1485313499871,2017-01-25-11-04-59AM,117.0
1372,1485313500048,2017-01-25-11-05-00AM,120.0
1373,1485313500227,2017-01-25-11-05-00AM,120.0
1374,1485313500410,2017-01-25-11-05-00AM,120.0
1375,1485313500592,2017-01-25-11-05-00AM,119.0
1376,1485313500769,2017-01-25-11-05-00AM,119.0
1377,1485313500952,2017-01-25-11-05-00AM,118.0
1378,1485313501132,2017-01-25-11-05-01AM,118.0
1379,1485313501314,2017-01-25-11-05-01AM,119.0
1380,1485313501492,2017-01-25-11-05-01AM,119.0
1381,1485313501672,2017-01-25-11-05-01AM,119.0
1382,1485313501851,2017-01-25-11-05-01AM,118.0
1383,1485313502034,2017-01-25-11-05-02AM,119.0
1384,1485313502212,2017-01-25-11-05-02AM,118.0
1385,1485313502396,2017-01-25-11-05-02AM,119.0
1386,1485313502575,2017-01-25-11-05-02AM,118.0
1387,1485313502755,2017-01-25-11-05-02AM,119.0
1388,1485313502934,2017-01-25-11-05-02AM,122.0
1389,1485313503115,2017-01-25-11-05-03AM,128.0
1390,1485313503294,2017-01-25-11-05-03AM,121.0
1391,1485313503475,2017-01-25-11-05-03AM,126.0
1392,1485313503655,2017-01-25-11-05-03AM,129.0
1393,1485313503835,2017-01-25-11-05-03AM,134.0
1394,1485313504013,2017-01-25-11-05-04AM,135.0
1395,1485313504195,2017-01-25-11-05-04AM,136.0
1396,1485313504380,2017-01-25-11-05-04AM,136.0
1397,1485313504556,2017-01-25-11-05-04AM,136.0
1398,1485313504738,2017-01-25-11-05-04AM,136.0
1399,1485313504917,2017-01-25-11-05-04AM,137.0
1400,1485313505093,2017-01-25-11-05-05AM,137.0
1401,1485313505275,2017-01-25-11-05-05AM,137.0
1402,1485313505457,2017-01-25-11-05-05AM,139.0
1403,1485313505636,2017-01-25-11-05-05AM,124.0
1404,1485313505818,2017-01-25-11-05-05AM,111.0
1405,1485313505999,2017-01-25-11-05-05AM,121.0
1406,1485313506178,2017-01-25-11-05-06AM,132.0
1407,1485313506355,2017-01-25-11-05-06AM,124.0
1408,1485313506538,2017-01-25-11-05-06AM,111.0
1409,1485313506719,2017-01-25-11-05-06AM,82.0
1410,1485313506900,2017-01-25-11-05-06AM,62.0
1411,1485313507079,2017-01-25-11-05-07AM,73.0
1412,1485313507259,2017-01-25-11-05-07AM,80.0
1413,1485313507440,2017-01-25-11-05-07AM,82.0
1414,1485313507617,2017-01-25-11-05-07AM,56.0
1415,1485313507800,2017-01-25-11-05-07AM,69.0
1416,1485313507980,2017-01-25-11-05-07AM,71.0
1417,1485313508159,2017-01-25-11-05-08AM,74.0
1418,1485313508339,2017-01-25-11-05-08AM,79.0
1419,1485313508519,2017-01-25-11-05-08AM,98.0
1420,1485313508699,2017-01-25-11-05-08AM,100.0
1421,1485313508880,2017-01-25-11-05-08AM,102.0
1422,1485313509058,2017-01-25-11-05-09AM,102.0
1423,1485313509240,2017-01-25-11-05-09AM,102.0
1424,1485313509418,2017-01-25-11-05-09AM,102.0
1425,1485313509597,2017-01-25-11-05-09AM,102.0
1426,1485313509780,2017-01-25-11-05-09AM,100.0
1427,1485313509961,2017-01-25-11-05-09AM,79.0
1428,1485313510139,2017-01-25-11-05-10AM,66.0
1429,1485313510320,2017-01-25-11-05-10AM,73.0
1430,1485313510500,2017-01-25-11-05-10AM,81.0
1431,1485313510681,2017-01-25-11-05-10AM,88.0
1432,1485313510862,2017-01-25-11-05-10AM,88.0
1433,1485313511043,2017-01-25-11-05-11AM,88.0
1434,1485313511222,2017-01-25-11-05-11AM,88.0
1435,1485313511404,2017-01-25-11-05-11AM,88.0
1436,1485313511583,2017-01-25-11-05-11AM,89.0
1437,1485313511765,2017-01-25-11-05-11AM,89.0
1438,1485313511945,2017-01-25-11-05-11AM,89.0
1439,1485313512124,2017-01-25-11-05-12AM,89.0
1440,1485313512305,2017-01-25-11-05-12AM,89.0
1441,1485313512481,2017-01-25-11-05-12AM,89.0
1442,1485313512666,2017-01-25-11-05-12AM,109.0
1443,1485313512846,2017-01-25-11-05-12AM,116.0
1444,1485313513026,2017-01-25-11-05-13AM,119.0
1445,1485313513205,2017-01-25-11-05-13AM,119.0
1446,1485313513383,2017-01-25-11-05-13AM,121.0
1447,1485313513574,2017-01-25-11-05-13AM,120.0
1448,1485313513745,2017-01-25-11-05-13AM,120.0
1449,1485313513927,2017-01-25-11-05-13AM,115.0
1450,1485313514107,2017-01-25-11-05-14AM,116.0
1451,1485313514284,2017-01-25-11-05-14AM,115.0
1452,1485313514466,2017-01-25-11-05-14AM,113.0
1453,1485313514676,2017-01-25-11-05-14AM,100.0
1454,1485313514828,2017-01-25-11-05-14AM,82.0
1455,1485313515008,2017-01-25-11-05-15AM,72.0
1456,1485313515186,2017-01-25-11-05-15AM,73.0
1457,1485313515365,2017-01-25-11-05-15AM,72.0
1458,1485313515545,2017-01-25-11-05-15AM,74.0
1459,1485313515728,2017-01-25-11-05-15AM,76.0
1460,1485313515908,2017-01-25-11-05-15AM,74.0
1461,1485313516088,2017-01-25-11-05-16AM,79.0
1462,1485313516269,2017-01-25-11-05-16AM,73.0
1463,1485313516446,2017-01-25-11-05-16AM,73.0
1464,1485313516626,2017-01-25-11-05-16AM,95.0
1465,1485313516809,2017-01-25-11-05-16AM,97.0
1466,1485313516989,2017-01-25-11-05-16AM,96.0
1467,1485313517170,2017-01-25-11-05-17AM,96.0
1468,1485313517347,2017-01-25-11-05-17AM,96.0
1469,1485313517530,2017-01-25-11-05-17AM,93.0
1470,1485313517707,2017-01-25-11-05-17AM,73.0
1471,1485313517890,2017-01-25-11-05-17AM,69.0
1472,1485313518069,2017-01-25-11-05-18AM,62.0
1473,1485313518250,2017-01-25-11-05-18AM,57.0
1474,1485313518431,2017-01-25-11-05-18AM,65.0
1475,1485313518611,2017-01-25-11-05-18AM,68.0
1476,1485313518790,2017-01-25-11-05-18AM,71.0
1477,1485313518971,2017-01-25-11-05-18AM,72.0
1478,1485313519152,2017-01-25-11-05-19AM,73.0
1479,1485313519336,2017-01-25-11-05-19AM,73.0
1480,1485313519510,2017-01-25-11-05-19AM,73.0
1481,1485313519694,2017-01-25-11-05-19AM,73.0
1482,1485313519873,2017-01-25-11-05-19AM,73.0
1483,1485313520053,2017-01-25-11-05-20AM,74.0
1484,1485313520229,2017-01-25-11-05-20AM,74.0
1485,1485313520414,2017-01-25-11-05-20AM,75.0
1486,1485313520593,2017-01-25-11-05-20AM,73.0
1487,1485313520775,2017-01-25-11-05-20AM,75.0
1488,1485313520952,2017-01-25-11-05-20AM,76.0
1489,1485313521134,2017-01-25-11-05-21AM,75.0
1490,1485313521314,2017-01-25-11-05-21AM,100.0
1491,1485313521494,2017-01-25-11-05-21AM,110.0
1492,1485313521675,2017-01-25-11-05-21AM,120.0
1493,1485313521855,2017-01-25-11-05-21AM,122.0
1494,1485313522035,2017-01-25-11-05-22AM,121.0
1495,1485313522214,2017-01-25-11-05-22AM,120.0
1496,1485313522394,2017-01-25-11-05-22AM,117.0
1497,1485313522575,2017-01-25-11-05-22AM,115.0
1498,1485313522757,2017-01-25-11-05-22AM,113.0
1499,1485313522937,2017-01-25-11-05-22AM,113.0
1500,1485313523114,2017-01-25-11-05-23AM,114.0
1501,1485313523294,2017-01-25-11-05-23AM,116.0
1502,1485313523477,2017-01-25-11-05-23AM,115.0
1503,1485313523657,2017-01-25-11-05-23AM,115.0
1504,1485313523836,2017-01-25-11-05-23AM,115.0
1505,1485313524018,2017-01-25-11-05-24AM,115.0
1506,1485313524196,2017-01-25-11-05-24AM,115.0
1507,1485313524374,2017-01-25-11-05-24AM,115.0
1508,1485313524555,2017-01-25-11-05-24AM,115.0
1509,1485313524738,2017-01-25-11-05-24AM,116.0
1510,1485313524918,2017-01-25-11-05-24AM,116.0
1511,1485313525099,2017-01-25-11-05-25AM,115.0
1512,1485313525277,2017-01-25-11-05-25AM,114.0
1513,1485313525459,2017-01-25-11-05-25AM,113.0
1514,1485313525635,2017-01-25-11-05-25AM,111.0
1515,1485313525818,2017-01-25-11-05-25AM,113.0
1516,1485313525996,2017-01-25-11-05-25AM,114.0
1517,1485313526180,2017-01-25-11-05-26AM,113.0
1518,1485313526357,2017-01-25-11-05-26AM,113.0
1519,1485313526537,2017-01-25-11-05-26AM,113.0
1520,1485313526718,2017-01-25-11-05-26AM,113.0
1521,1485313526901,2017-01-25-11-05-26AM,113.0
1522,1485313527077,2017-01-25-11-05-27AM,113.0
1523,1485313527258,2017-01-25-11-05-27AM,113.0
1524,1485313527438,2017-01-25-11-05-27AM,114.0
1525,1485313527620,2017-01-25-11-05-27AM,114.0
1526,1485313527802,2017-01-25-11-05-27AM,114.0
1527,1485313527981,2017-01-25-11-05-27AM,114.0
1528,1485313528162,2017-01-25-11-05-28AM,114.0
1529,1485313528344,2017-01-25-11-05-28AM,115.0
1530,1485313528524,2017-01-25-11-05-28AM,114.0
1531,1485313528709,2017-01-25-11-05-28AM,120.0
1532,1485313528884,2017-01-25-11-05-28AM,123.0
1533,1485313529062,2017-01-25-11-05-29AM,121.0
1534,1485313529253,2017-01-25-11-05-29AM,111.0
1535,1485313529422,2017-01-25-11-05-29AM,109.0
1536,1485313529600,2017-01-25-11-05-29AM,109.0
1537,1485313529785,2017-01-25-11-05-29AM,109.0
1538,1485313529965,2017-01-25-11-05-29AM,109.0
1539,1485313530142,2017-01-25-11-05-30AM,109.0
1540,1485313530323,2017-01-25-11-05-30AM,109.0
1541,1485313530503,2017-01-25-11-05-30AM,109.0
1542,1485313530685,2017-01-25-11-05-30AM,109.0
1543,1485313530862,2017-01-25-11-05-30AM,108.0
1544,1485313531046,2017-01-25-11-05-31AM,108.0
1545,1485313531225,2017-01-25-11-05-31AM,111.0
1546,1485313531405,2017-01-25-11-05-31AM,115.0
1547,1485313531585,2017-01-25-11-05-31AM,115.0
1548,1485313531762,2017-01-25-11-05-31AM,116.0
1549,1485313531946,2017-01-25-11-05-31AM,116.0
1550,1485313532126,2017-01-25-11-05-32AM,116.0
1551,1485313532306,2017-01-25-11-05-32AM,116.0
1552,1485313532486,2017-01-25-11-05-32AM,116.0
1553,1485313532666,2017-01-25-11-05-32AM,116.0
1554,1485313532849,2017-01-25-11-05-32AM,117.0
1555,1485313533028,2017-01-25-11-05-33AM,118.0
1556,1485313533208,2017-01-25-11-05-33AM,113.0
1557,1485313533386,2017-01-25-11-05-33AM,83.0
1558,1485313533566,2017-01-25-11-05-33AM,48.0
1559,1485313533746,2017-01-25-11-05-33AM,38.0
1560,1485313533926,2017-01-25-11-05-33AM,65.0
1561,1485313534109,2017-01-25-11-05-34AM,76.0
1562,1485313534286,2017-01-25-11-05-34AM,77.0
1563,1485313534469,2017-01-25-11-05-34AM,74.0
1564,1485313534645,2017-01-25-11-05-34AM,78.0
1565,1485313534827,2017-01-25-11-05-34AM,79.0
1566,1485313535009,2017-01-25-11-05-35AM,83.0
1567,1485313535190,2017-01-25-11-05-35AM,84.0
1568,1485313535368,2017-01-25-11-05-35AM,85.0
1569,1485313535547,2017-01-25-11-05-35AM,86.0
1570,1485313535726,2017-01-25-11-05-35AM,87.0
1571,1485313535909,2017-01-25-11-05-35AM,87.0
1572,1485313536090,2017-01-25-11-05-36AM,88.0
1573,1485313536273,2017-01-25-11-05-36AM,88.0
1574,1485313536451,2017-01-25-11-05-36AM,89.0
1575,1485313536628,2017-01-25-11-05-36AM,89.0
1576,1485313536812,2017-01-25-11-05-36AM,90.0
1577,1485313536990,2017-01-25-11-05-36AM,90.0
1578,1485313537172,2017-01-25-11-05-37AM,90.0
1579,1485313537348,2017-01-25-11-05-37AM,90.0
1580,1485313537528,2017-01-25-11-05-37AM,90.0
1581,1485313537708,2017-01-25-11-05-37AM,89.0
1582,1485313537891,2017-01-25-11-05-37AM,89.0
1583,1485313538072,2017-01-25-11-05-38AM,89.0
1584,1485313538253,2017-01-25-11-05-38AM,89.0
1585,1485313538434,2017-01-25-11-05-38AM,90.0
1586,1485313538615,2017-01-25-11-05-38AM,89.0
1587,1485313538789,2017-01-25-11-05-38AM,90.0
1588,1485313538970,2017-01-25-11-05-38AM,99.0
1589,1485313539153,2017-01-25-11-05-39AM,124.0
1590,1485313539332,2017-01-25-11-05-39AM,130.0
1591,1485313539510,2017-01-25-11-05-39AM,134.0
1592,1485313539690,2017-01-25-11-05-39AM,133.0
1593,1485313539875,2017-01-25-11-05-39AM,130.0
1594,1485313540055,2017-01-25-11-05-40AM,130.0
1595,1485313540233,2017-01-25-11-05-40AM,129.0
1596,1485313540412,2017-01-25-11-05-40AM,129.0
1597,1485313540596,2017-01-25-11-05-40AM,129.0
1598,1485313540774,2017-01-25-11-05-40AM,129.0
1599,1485313540956,2017-01-25-11-05-40AM,116.0
1600,1485313541135,2017-01-25-11-05-41AM,100.0
1601,1485313541316,2017-01-25-11-05-41AM,97.0
1602,1485313541495,2017-01-25-11-05-41AM,99.0
1603,1485313541675,2017-01-25-11-05-41AM,101.0
1604,1485313541856,2017-01-25-11-05-41AM,102.0
1605,1485313542038,2017-01-25-11-05-42AM,93.0
1606,1485313542218,2017-01-25-11-05-42AM,100.0
1607,1485313542397,2017-01-25-11-05-42AM,102.0
1608,1485313542575,2017-01-25-11-05-42AM,102.0
1609,1485313542758,2017-01-25-11-05-42AM,102.0
1610,1485313542938,2017-01-25-11-05-42AM,102.0
1611,1485313543119,2017-01-25-11-05-43AM,103.0
1612,1485313543297,2017-01-25-11-05-43AM,103.0
1613,1485313543479,2017-01-25-11-05-43AM,103.0
1614,1485313543672,2017-01-25-11-05-43AM,95.0
1615,1485313543839,2017-01-25-11-05-43AM,89.0
1616,1485313544019,2017-01-25-11-05-44AM,88.0
1617,1485313544199,2017-01-25-11-05-44AM,90.0
1618,1485313544378,2017-01-25-11-05-44AM,91.0
1619,1485313544560,2017-01-25-11-05-44AM,93.0
1620,1485313544739,2017-01-25-11-05-44AM,93.0
1621,1485313544919,2017-01-25-11-05-44AM,93.0
1622,1485313545099,2017-01-25-11-05-45AM,94.0
1623,1485313545276,2017-01-25-11-05-45AM,94.0
1624,1485313545457,2017-01-25-11-05-45AM,95.0
1625,1485313545637,2017-01-25-11-05-45AM,108.0
1626,1485313545821,2017-01-25-11-05-45AM,121.0
1627,1485313545999,2017-01-25-11-05-45AM,126.0
1628,1485313546181,2017-01-25-11-05-46AM,132.0
1629,1485313546361,2017-01-25-11-05-46AM,130.0
1630,1485313546542,2017-01-25-11-05-46AM,126.0
1631,1485313546721,2017-01-25-11-05-46AM,122.0
1632,1485313546902,2017-01-25-11-05-46AM,119.0
1633,1485313547079,2017-01-25-11-05-47AM,111.0
1634,1485313547262,2017-01-25-11-05-47AM,108.0
1635,1485313547440,2017-01-25-11-05-47AM,105.0
1636,1485313547624,2017-01-25-11-05-47AM,98.0
1637,1485313547800,2017-01-25-11-05-47AM,99.0
1638,1485313547982,2017-01-25-11-05-47AM,99.0
1639,1485313548162,2017-01-25-11-05-48AM,102.0
1640,1485313548340,2017-01-25-11-05-48AM,104.0
1641,1485313548524,2017-01-25-11-05-48AM,102.0
1642,1485313548701,2017-01-25-11-05-48AM,92.0
1643,1485313548885,2017-01-25-11-05-48AM,87.0
1644,1485313549064,2017-01-25-11-05-49AM,84.0
1645,1485313549244,2017-01-25-11-05-49AM,79.0
1646,1485313549423,2017-01-25-11-05-49AM,78.0
1647,1485313549604,2017-01-25-11-05-49AM,79.0
1648,1485313549780,2017-01-25-11-05-49AM,79.0
1649,1485313549962,2017-01-25-11-05-49AM,80.0
1650,1485313550143,2017-01-25-11-05-50AM,78.0
1651,1485313550323,2017-01-25-11-05-50AM,80.0
1652,1485313550502,2017-01-25-11-05-50AM,76.0
1653,1485313550685,2017-01-25-11-05-50AM,81.0
1654,1485313550862,2017-01-25-11-05-50AM,79.0
1655,1485313551046,2017-01-25-11-05-51AM,81.0
1656,1485313551226,2017-01-25-11-05-51AM,80.0
1657,1485313551404,2017-01-25-11-05-51AM,79.0
1658,1485313551584,2017-01-25-11-05-51AM,75.0
1659,1485313551767,2017-01-25-11-05-51AM,77.0
1660,1485313551945,2017-01-25-11-05-51AM,81.0
1661,1485313552126,2017-01-25-11-05-52AM,81.0
1662,1485313552304,2017-01-25-11-05-52AM,80.0
1663,1485313552487,2017-01-25-11-05-52AM,81.0
1664,1485313552666,2017-01-25-11-05-52AM,81.0
1665,1485313552848,2017-01-25-11-05-52AM,81.0
1666,1485313553025,2017-01-25-11-05-53AM,115.0
1667,1485313553208,2017-01-25-11-05-53AM,123.0
1668,1485313553386,2017-01-25-11-05-53AM,126.0
1669,1485313553568,2017-01-25-11-05-53AM,129.0
1670,1485313553746,2017-01-25-11-05-53AM,129.0
1671,1485313553927,2017-01-25-11-05-53AM,130.0
1672,1485313554109,2017-01-25-11-05-54AM,127.0
1673,1485313554290,2017-01-25-11-05-54AM,107.0
1674,1485313554467,2017-01-25-11-05-54AM,90.0
1675,1485313554649,2017-01-25-11-05-54AM,80.0
1676,1485313554825,2017-01-25-11-05-54AM,79.0
1677,1485313555009,2017-01-25-11-05-55AM,84.0
1678,1485313555190,2017-01-25-11-05-55AM,96.0
1679,1485313555369,2017-01-25-11-05-55AM,115.0
1680,1485313555550,2017-01-25-11-05-55AM,119.0
1681,1485313555759,2017-01-25-11-05-55AM,120.0
1682,1485313555909,2017-01-25-11-05-55AM,121.0
1683,1485313556089,2017-01-25-11-05-56AM,123.0
1684,1485313556270,2017-01-25-11-05-56AM,126.0
1685,1485313556450,2017-01-25-11-05-56AM,124.0
1686,1485313556630,2017-01-25-11-05-56AM,124.0
1687,1485313556812,2017-01-25-11-05-56AM,124.0
1688,1485313556992,2017-01-25-11-05-56AM,125.0
1689,1485313557170,2017-01-25-11-05-57AM,125.0
1690,1485313557351,2017-01-25-11-05-57AM,128.0
1691,1485313557531,2017-01-25-11-05-57AM,127.0
1692,1485313557710,2017-01-25-11-05-57AM,128.0
1693,1485313557889,2017-01-25-11-05-57AM,129.0
1694,1485313558074,2017-01-25-11-05-58AM,127.0
1695,1485313558251,2017-01-25-11-05-58AM,124.0
1696,1485313558432,2017-01-25-11-05-58AM,116.0
1697,1485313558613,2017-01-25-11-05-58AM,97.0
1698,1485313558792,2017-01-25-11-05-58AM,72.0
1699,1485313558975,2017-01-25-11-05-58AM,73.0
1700,1485313559153,2017-01-25-11-05-59AM,83.0
1701,1485313559332,2017-01-25-11-05-59AM,85.0
1702,1485313559513,2017-01-25-11-05-59AM,97.0
1703,1485313559694,2017-01-25-11-05-59AM,100.0
1704,1485313559875,2017-01-25-11-05-59AM,101.0
1705,1485313560054,2017-01-25-11-06-00AM,100.0
1706,1485313560230,2017-01-25-11-06-00AM,100.0
1707,1485313560417,2017-01-25-11-06-00AM,100.0
1708,1485313560594,2017-01-25-11-06-00AM,100.0
1709,1485313560774,2017-01-25-11-06-00AM,100.0
1710,1485313560955,2017-01-25-11-06-00AM,100.0
1711,1485313561136,2017-01-25-11-06-01AM,88.0
1712,1485313561311,2017-01-25-11-06-01AM,78.0
1713,1485313561495,2017-01-25-11-06-01AM,83.0
1714,1485313561673,2017-01-25-11-06-01AM,91.0
1715,1485313561856,2017-01-25-11-06-01AM,93.0
1716,1485313562036,2017-01-25-11-06-02AM,93.0
1717,1485313562215,2017-01-25-11-06-02AM,93.0
1718,1485313562396,2017-01-25-11-06-02AM,93.0
1719,1485313562577,2017-01-25-11-06-02AM,93.0
1720,1485313562756,2017-01-25-11-06-02AM,94.0
1721,1485313562936,2017-01-25-11-06-02AM,94.0
1722,1485313563118,2017-01-25-11-06-03AM,113.0
1723,1485313563298,2017-01-25-11-06-03AM,121.0
1724,1485313563475,2017-01-25-11-06-03AM,121.0
1725,1485313563659,2017-01-25-11-06-03AM,121.0
1726,1485313563835,2017-01-25-11-06-03AM,122.0
1727,1485313564017,2017-01-25-11-06-04AM,121.0
1728,1485313564199,2017-01-25-11-06-04AM,122.0
1729,1485313564395,2017-01-25-11-06-04AM,121.0
1730,1485313564560,2017-01-25-11-06-04AM,121.0
1731,1485313564768,2017-01-25-11-06-04AM,121.0
1732,1485313564919,2017-01-25-11-06-04AM,123.0
1733,1485313565098,2017-01-25-11-06-05AM,124.0
1734,1485313565279,2017-01-25-11-06-05AM,124.0
1735,1485313565458,2017-01-25-11-06-05AM,125.0
1736,1485313565639,2017-01-25-11-06-05AM,127.0
1737,1485313565819,2017-01-25-11-06-05AM,127.0
1738,1485313566001,2017-01-25-11-06-06AM,124.0
1739,1485313566178,2017-01-25-11-06-06AM,123.0
1740,1485313566361,2017-01-25-11-06-06AM,123.0
1741,1485313566539,2017-01-25-11-06-06AM,122.0
1742,1485313566721,2017-01-25-11-06-06AM,119.0
1743,1485313566897,2017-01-25-11-06-06AM,118.0
1744,1485313567082,2017-01-25-11-06-07AM,118.0
1745,1485313567258,2017-01-25-11-06-07AM,118.0
1746,1485313567437,2017-01-25-11-06-07AM,119.0
1747,1485313567622,2017-01-25-11-06-07AM,119.0
1748,1485313567832,2017-01-25-11-06-07AM,119.0
1749,1485313567984,2017-01-25-11-06-07AM,119.0
1750,1485313568162,2017-01-25-11-06-08AM,119.0
1751,1485313568339,2017-01-25-11-06-08AM,119.0
1752,1485313568521,2017-01-25-11-06-08AM,119.0
1753,1485313568704,2017-01-25-11-06-08AM,118.0
1754,1485313568878,2017-01-25-11-06-08AM,118.0
1755,1485313569063,2017-01-25-11-06-09AM,119.0
1756,1485313569245,2017-01-25-11-06-09AM,120.0
1757,1485313569419,2017-01-25-11-06-09AM,109.0
1758,1485313569601,2017-01-25-11-06-09AM,108.0
1759,1485313569784,2017-01-25-11-06-09AM,125.0
1760,1485313569964,2017-01-25-11-06-09AM,124.0
1761,1485313570141,2017-01-25-11-06-10AM,125.0
1762,1485313570324,2017-01-25-11-06-10AM,125.0
1763,1485313570505,2017-01-25-11-06-10AM,123.0
1764,1485313570681,2017-01-25-11-06-10AM,120.0
1765,1485313570864,2017-01-25-11-06-10AM,109.0
1766,1485313571045,2017-01-25-11-06-11AM,107.0
1767,1485313571224,2017-01-25-11-06-11AM,104.0
1768,1485313571405,2017-01-25-11-06-11AM,104.0
1769,1485313571585,2017-01-25-11-06-11AM,108.0
1770,1485313571764,2017-01-25-11-06-11AM,108.0
1771,1485313571942,2017-01-25-11-06-11AM,111.0
1772,1485313572126,2017-01-25-11-06-12AM,114.0
1773,1485313572307,2017-01-25-11-06-12AM,115.0
1774,1485313572486,2017-01-25-11-06-12AM,113.0
1775,1485313572666,2017-01-25-11-06-12AM,111.0
1776,1485313572863,2017-01-25-11-06-12AM,95.0
1777,1485313573027,2017-01-25-11-06-13AM,129.0
1778,1485313573207,2017-01-25-11-06-13AM,132.0
1779,1485313573386,2017-01-25-11-06-13AM,127.0
1780,1485313573567,2017-01-25-11-06-13AM,124.0
1781,1485313573748,2017-01-25-11-06-13AM,122.0
1782,1485313573923,2017-01-25-11-06-13AM,121.0
1783,1485313574109,2017-01-25-11-06-14AM,122.0
1784,1485313574284,2017-01-25-11-06-14AM,121.0
1785,1485313574467,2017-01-25-11-06-14AM,124.0
1786,1485313574650,2017-01-25-11-06-14AM,124.0
1787,1485313574830,2017-01-25-11-06-14AM,124.0
1788,1485313575006,2017-01-25-11-06-15AM,124.0
1789,1485313575188,2017-01-25-11-06-15AM,123.0
1790,1485313575369,2017-01-25-11-06-15AM,124.0
1791,1485313575548,2017-01-25-11-06-15AM,124.0
1792,1485313575731,2017-01-25-11-06-15AM,124.0
1793,1485313575908,2017-01-25-11-06-15AM,126.0
1794,1485313576088,2017-01-25-11-06-16AM,126.0
1795,1485313576269,2017-01-25-11-06-16AM,123.0
1796,1485313576451,2017-01-25-11-06-16AM,123.0
1797,1485313576628,2017-01-25-11-06-16AM,122.0
1798,1485313576808,2017-01-25-11-06-16AM,123.0
1799,1485313576987,2017-01-25-11-06-16AM,124.0
1800,1485313577171,2017-01-25-11-06-17AM,124.0
1801,1485313577361,2017-01-25-11-06-17AM,125.0
1802,1485313577530,2017-01-25-11-06-17AM,124.0
1803,1485313577712,2017-01-25-11-06-17AM,124.0
1804,1485313577904,2017-01-25-11-06-17AM,124.0
1805,1485313578074,2017-01-25-11-06-18AM,125.0
1806,1485313578252,2017-01-25-11-06-18AM,125.0
1807,1485313578432,2017-01-25-11-06-18AM,125.0
1808,1485313578612,2017-01-25-11-06-18AM,124.0
1809,1485313578794,2017-01-25-11-06-18AM,127.0
1810,1485313578974,2017-01-25-11-06-18AM,129.0
1811,1485313579155,2017-01-25-11-06-19AM,129.0
1812,1485313579334,2017-01-25-11-06-19AM,129.0
1813,1485313579513,2017-01-25-11-06-19AM,129.0
1814,1485313579692,2017-01-25-11-06-19AM,130.0
1815,1485313579874,2017-01-25-11-06-19AM,130.0
1816,1485313580052,2017-01-25-11-06-20AM,129.0
1817,1485313580234,2017-01-25-11-06-20AM,128.0
1818,1485313580411,2017-01-25-11-06-20AM,128.0
1819,1485313580595,2017-01-25-11-06-20AM,114.0
1820,1485313580773,2017-01-25-11-06-20AM,103.0
1821,1485313580950,2017-01-25-11-06-20AM,99.0
1822,1485313581135,2017-01-25-11-06-21AM,101.0
1823,1485313581316,2017-01-25-11-06-21AM,103.0
1824,1485313581494,2017-01-25-11-06-21AM,104.0
1825,1485313581676,2017-01-25-11-06-21AM,104.0
1826,1485313581854,2017-01-25-11-06-21AM,104.0
1827,1485313582035,2017-01-25-11-06-22AM,104.0
1828,1485313582214,2017-01-25-11-06-22AM,105.0
1829,1485313582396,2017-01-25-11-06-22AM,104.0
1830,1485313582574,2017-01-25-11-06-22AM,104.0
1831,1485313582757,2017-01-25-11-06-22AM,105.0
1832,1485313582942,2017-01-25-11-06-22AM,106.0
1833,1485313583116,2017-01-25-11-06-23AM,106.0
1834,1485313583297,2017-01-25-11-06-23AM,106.0
1835,1485313583472,2017-01-25-11-06-23AM,106.0
1836,1485313583658,2017-01-25-11-06-23AM,106.0
1837,1485313583837,2017-01-25-11-06-23AM,106.0
1838,1485313584015,2017-01-25-11-06-24AM,98.0
1839,1485313584196,2017-01-25-11-06-24AM,85.0
1840,1485313584378,2017-01-25-11-06-24AM,73.0
1841,1485313584558,2017-01-25-11-06-24AM,87.0
1842,1485313584740,2017-01-25-11-06-24AM,87.0
1843,1485313584918,2017-01-25-11-06-24AM,88.0
1844,1485313585099,2017-01-25-11-06-25AM,88.0
1845,1485313585276,2017-01-25-11-06-25AM,88.0
1846,1485313585459,2017-01-25-11-06-25AM,88.0
1847,1485313585638,2017-01-25-11-06-25AM,88.0
1848,1485313585820,2017-01-25-11-06-25AM,87.0
1849,1485313586000,2017-01-25-11-06-26AM,89.0
1850,1485313586180,2017-01-25-11-06-26AM,91.0
1851,1485313586359,2017-01-25-11-06-26AM,91.0
1852,1485313586539,2017-01-25-11-06-26AM,91.0
1853,1485313586720,2017-01-25-11-06-26AM,93.0
1854,1485313586902,2017-01-25-11-06-26AM,93.0
1855,1485313587081,2017-01-25-11-06-27AM,93.0
1856,1485313587262,2017-01-25-11-06-27AM,93.0
1857,1485313587441,2017-01-25-11-06-27AM,94.0
1858,1485313587620,2017-01-25-11-06-27AM,94.0
1859,1485313587800,2017-01-25-11-06-27AM,94.0
1860,1485313587982,2017-01-25-11-06-27AM,95.0
1861,1485313588161,2017-01-25-11-06-28AM,95.0
1862,1485313588342,2017-01-25-11-06-28AM,95.0
1863,1485313588522,2017-01-25-11-06-28AM,96.0
1864,1485313588701,2017-01-25-11-06-28AM,106.0
1865,1485313588883,2017-01-25-11-06-28AM,129.0
1866,1485313589062,2017-01-25-11-06-29AM,129.0
1867,1485313589244,2017-01-25-11-06-29AM,128.0
1868,1485313589424,2017-01-25-11-06-29AM,128.0
1869,1485313589602,2017-01-25-11-06-29AM,128.0
1870,1485313589781,2017-01-25-11-06-29AM,128.0
1871,1485313589963,2017-01-25-11-06-29AM,128.0
1872,1485313590141,2017-01-25-11-06-30AM,129.0
1873,1485313590325,2017-01-25-11-06-30AM,129.0
1874,1485313590500,2017-01-25-11-06-30AM,129.0
1875,1485313590685,2017-01-25-11-06-30AM,129.0
1876,1485313590861,2017-01-25-11-06-30AM,129.0
1877,1485313591045,2017-01-25-11-06-31AM,132.0
1878,1485313591225,2017-01-25-11-06-31AM,132.0
1879,1485313591405,2017-01-25-11-06-31AM,128.0
1880,1485313591586,2017-01-25-11-06-31AM,127.0
1881,1485313591764,2017-01-25-11-06-31AM,128.0
1882,1485313591944,2017-01-25-11-06-31AM,127.0
1883,1485313592125,2017-01-25-11-06-32AM,125.0
1884,1485313592306,2017-01-25-11-06-32AM,125.0
1885,1485313592485,2017-01-25-11-06-32AM,126.0
1886,1485313592667,2017-01-25-11-06-32AM,126.0
1887,1485313592846,2017-01-25-11-06-32AM,125.0
1888,1485313593027,2017-01-25-11-06-33AM,126.0
1889,1485313593206,2017-01-25-11-06-33AM,127.0
1890,1485313593386,2017-01-25-11-06-33AM,126.0
1891,1485313593568,2017-01-25-11-06-33AM,126.0
1892,1485313593748,2017-01-25-11-06-33AM,126.0
1893,1485313593926,2017-01-25-11-06-33AM,128.0
1894,1485313594107,2017-01-25-11-06-34AM,126.0
1895,1485313594286,2017-01-25-11-06-34AM,126.0
1896,1485313594468,2017-01-25-11-06-34AM,126.0
1897,1485313594647,2017-01-25-11-06-34AM,132.0
1898,1485313594857,2017-01-25-11-06-34AM,122.0
1899,1485313595007,2017-01-25-11-06-35AM,110.0
1900,1485313595189,2017-01-25-11-06-35AM,111.0
1901,1485313595366,2017-01-25-11-06-35AM,115.0
1902,1485313595549,2017-01-25-11-06-35AM,116.0
1903,1485313595727,2017-01-25-11-06-35AM,116.0
1904,1485313595910,2017-01-25-11-06-35AM,117.0
1905,1485313596090,2017-01-25-11-06-36AM,117.0
1906,1485313596270,2017-01-25-11-06-36AM,116.0
1907,1485313596448,2017-01-25-11-06-36AM,116.0
1908,1485313596630,2017-01-25-11-06-36AM,108.0
1909,1485313596811,2017-01-25-11-06-36AM,100.0
1910,1485313596990,2017-01-25-11-06-36AM,98.0
1911,1485313597168,2017-01-25-11-06-37AM,101.0
1912,1485313597351,2017-01-25-11-06-37AM,86.0
1913,1485313597526,2017-01-25-11-06-37AM,83.0
1914,1485313597709,2017-01-25-11-06-37AM,89.0
1915,1485313597890,2017-01-25-11-06-37AM,85.0
1916,1485313598070,2017-01-25-11-06-38AM,78.0
1917,1485313598252,2017-01-25-11-06-38AM,69.0
1918,1485313598432,2017-01-25-11-06-38AM,69.0
1919,1485313598613,2017-01-25-11-06-38AM,73.0
1920,1485313598791,2017-01-25-11-06-38AM,98.0
1921,1485313598973,2017-01-25-11-06-38AM,104.0
1922,1485313599151,2017-01-25-11-06-39AM,108.0
1923,1485313599332,2017-01-25-11-06-39AM,114.0
1924,1485313599512,2017-01-25-11-06-39AM,114.0
1925,1485313599694,2017-01-25-11-06-39AM,117.0
1926,1485313599872,2017-01-25-11-06-39AM,119.0
1927,1485313600054,2017-01-25-11-06-40AM,119.0
1928,1485313600234,2017-01-25-11-06-40AM,119.0
1929,1485313600414,2017-01-25-11-06-40AM,116.0
1930,1485313600595,2017-01-25-11-06-40AM,116.0
1931,1485313600775,2017-01-25-11-06-40AM,103.0
1932,1485313600951,2017-01-25-11-06-40AM,103.0
1933,1485313601135,2017-01-25-11-06-41AM,106.0
1934,1485313601315,2017-01-25-11-06-41AM,111.0
1935,1485313601494,2017-01-25-11-06-41AM,117.0
1936,1485313601676,2017-01-25-11-06-41AM,116.0
1937,1485313601859,2017-01-25-11-06-41AM,120.0
1938,1485313602033,2017-01-25-11-06-42AM,123.0
1939,1485313602214,2017-01-25-11-06-42AM,128.0
1940,1485313602394,2017-01-25-11-06-42AM,132.0
1941,1485313602577,2017-01-25-11-06-42AM,128.0
1942,1485313602757,2017-01-25-11-06-42AM,114.0
1943,1485313602937,2017-01-25-11-06-42AM,101.0
1944,1485313603116,2017-01-25-11-06-43AM,92.0
1945,1485313603295,2017-01-25-11-06-43AM,89.0
1946,1485313603475,2017-01-25-11-06-43AM,88.0
1947,1485313603657,2017-01-25-11-06-43AM,115.0
1948,1485313603838,2017-01-25-11-06-43AM,132.0
1949,1485313604018,2017-01-25-11-06-44AM,135.0
1950,1485313604198,2017-01-25-11-06-44AM,132.0
1951,1485313604378,2017-01-25-11-06-44AM,130.0
1952,1485313604558,2017-01-25-11-06-44AM,128.0
1953,1485313604738,2017-01-25-11-06-44AM,128.0
1954,1485313604919,2017-01-25-11-06-44AM,129.0
1955,1485313605098,2017-01-25-11-06-45AM,130.0
1956,1485313605279,2017-01-25-11-06-45AM,130.0
1957,1485313605457,2017-01-25-11-06-45AM,130.0
1958,1485313605639,2017-01-25-11-06-45AM,130.0
1959,1485313605818,2017-01-25-11-06-45AM,132.0
1960,1485313605997,2017-01-25-11-06-45AM,132.0
1961,1485313606175,2017-01-25-11-06-46AM,132.0
1962,1485313606359,2017-01-25-11-06-46AM,132.0
1963,1485313606540,2017-01-25-11-06-46AM,133.0
1964,1485313606720,2017-01-25-11-06-46AM,132.0
1965,1485313606900,2017-01-25-11-06-46AM,133.0
1966,1485313607076,2017-01-25-11-06-47AM,134.0
1967,1485313607261,2017-01-25-11-06-47AM,134.0
1968,1485313607441,2017-01-25-11-06-47AM,134.0
1969,1485313607618,2017-01-25-11-06-47AM,134.0
1970,1485313607798,2017-01-25-11-06-47AM,134.0
1971,1485313607981,2017-01-25-11-06-47AM,137.0
1972,1485313608160,2017-01-25-11-06-48AM,134.0
1973,1485313608340,2017-01-25-11-06-48AM,127.0
1974,1485313608520,2017-01-25-11-06-48AM,127.0
1975,1485313608701,2017-01-25-11-06-48AM,127.0
1976,1485313608880,2017-01-25-11-06-48AM,127.0
1977,1485313609062,2017-01-25-11-06-49AM,127.0
1978,1485313609241,2017-01-25-11-06-49AM,126.0
1979,1485313609421,2017-01-25-11-06-49AM,126.0
1980,1485313609605,2017-01-25-11-06-49AM,127.0
1981,1485313609784,2017-01-25-11-06-49AM,126.0
1982,1485313609962,2017-01-25-11-06-49AM,126.0
1983,1485313610139,2017-01-25-11-06-50AM,126.0
1984,1485313610325,2017-01-25-11-06-50AM,126.0
1985,1485313610501,2017-01-25-11-06-50AM,123.0
1986,1485313610684,2017-01-25-11-06-50AM,106.0
1987,1485313610864,2017-01-25-11-06-50AM,94.0
1988,1485313611041,2017-01-25-11-06-51AM,96.0
1989,1485313611222,2017-01-25-11-06-51AM,106.0
1990,1485313611404,2017-01-25-11-06-51AM,106.0
1991,1485313611586,2017-01-25-11-06-51AM,106.0
1992,1485313611764,2017-01-25-11-06-51AM,107.0
1993,1485313611945,2017-01-25-11-06-51AM,106.0
1994,1485313612126,2017-01-25-11-06-52AM,106.0
1995,1485313612305,2017-01-25-11-06-52AM,106.0
1996,1485313612486,2017-01-25-11-06-52AM,106.0
1997,1485313612667,2017-01-25-11-06-52AM,96.0
1998,1485313612847,2017-01-25-11-06-52AM,82.0
1999,1485313613027,2017-01-25-11-06-53AM,77.0
2000,1485313613207,2017-01-25-11-06-53AM,75.0
2001,1485313613382,2017-01-25-11-06-53AM,70.0
2002,1485313613567,2017-01-25-11-06-53AM,71.0
2003,1485313613747,2017-01-25-11-06-53AM,84.0
2004,1485313613928,2017-01-25-11-06-53AM,91.0
2005,1485313614115,2017-01-25-11-06-54AM,104.0
2006,1485313614286,2017-01-25-11-06-54AM,110.0
2007,1485313614466,2017-01-25-11-06-54AM,116.0
2008,1485313614648,2017-01-25-11-06-54AM,117.0
2009,1485313614828,2017-01-25-11-06-54AM,116.0
2010,1485313615009,2017-01-25-11-06-55AM,116.0
2011,1485313615184,2017-01-25-11-06-55AM,115.0
2012,1485313615369,2017-01-25-11-06-55AM,117.0
2013,1485313615545,2017-01-25-11-06-55AM,110.0
2014,1485313615729,2017-01-25-11-06-55AM,110.0
2015,1485313615906,2017-01-25-11-06-55AM,110.0
2016,1485313616087,2017-01-25-11-06-56AM,109.0
2017,1485313616268,2017-01-25-11-06-56AM,106.0
2018,1485313616450,2017-01-25-11-06-56AM,106.0
2019,1485313616630,2017-01-25-11-06-56AM,108.0
2020,1485313616809,2017-01-25-11-06-56AM,118.0
2021,1485313616989,2017-01-25-11-06-56AM,121.0
2022,1485313617169,2017-01-25-11-06-57AM,122.0
2023,1485313617348,2017-01-25-11-06-57AM,120.0
2024,1485313617530,2017-01-25-11-06-57AM,119.0
2025,1485313617711,2017-01-25-11-06-57AM,117.0
2026,1485313617888,2017-01-25-11-06-57AM,102.0
2027,1485313618071,2017-01-25-11-06-58AM,89.0
2028,1485313618250,2017-01-25-11-06-58AM,74.0
2029,1485313618432,2017-01-25-11-06-58AM,80.0
2030,1485313618612,2017-01-25-11-06-58AM,102.0
2031,1485313618792,2017-01-25-11-06-58AM,111.0
2032,1485313618970,2017-01-25-11-06-58AM,122.0
2033,1485313619152,2017-01-25-11-06-59AM,126.0
2034,1485313619332,2017-01-25-11-06-59AM,128.0
2035,1485313619513,2017-01-25-11-06-59AM,125.0
2036,1485313619691,2017-01-25-11-06-59AM,124.0
2037,1485313619874,2017-01-25-11-06-59AM,113.0
2038,1485313620054,2017-01-25-11-07-00AM,103.0
2039,1485313620228,2017-01-25-11-07-00AM,103.0
2040,1485313620409,2017-01-25-11-07-00AM,102.0
2041,1485313620589,2017-01-25-11-07-00AM,100.0
2042,1485313620774,2017-01-25-11-07-00AM,107.0
2043,1485313620954,2017-01-25-11-07-00AM,111.0
2044,1485313621131,2017-01-25-11-07-01AM,111.0
2045,1485313621313,2017-01-25-11-07-01AM,114.0
2046,1485313621494,2017-01-25-11-07-01AM,120.0
2047,1485313621674,2017-01-25-11-07-01AM,126.0
2048,1485313621853,2017-01-25-11-07-01AM,132.0
2049,1485313622035,2017-01-25-11-07-02AM,134.0
2050,1485313622214,2017-01-25-11-07-02AM,134.0
2051,1485313622394,2017-01-25-11-07-02AM,134.0
2052,1485313622573,2017-01-25-11-07-02AM,133.0
2053,1485313622756,2017-01-25-11-07-02AM,132.0
2054,1485313622939,2017-01-25-11-07-02AM,129.0
2055,1485313623116,2017-01-25-11-07-03AM,127.0
2056,1485313623297,2017-01-25-11-07-03AM,128.0
2057,1485313623474,2017-01-25-11-07-03AM,127.0
2058,1485313623657,2017-01-25-11-07-03AM,126.0
2059,1485313623836,2017-01-25-11-07-03AM,124.0
2060,1485313624015,2017-01-25-11-07-04AM,121.0
2061,1485313624195,2017-01-25-11-07-04AM,122.0
2062,1485313624377,2017-01-25-11-07-04AM,120.0
2063,1485313624556,2017-01-25-11-07-04AM,106.0
2064,1485313624739,2017-01-25-11-07-04AM,86.0
2065,1485313624945,2017-01-25-11-07-04AM,73.0
2066,1485313625096,2017-01-25-11-07-05AM,63.0
2067,1485313625279,2017-01-25-11-07-05AM,63.0
2068,1485313625458,2017-01-25-11-07-05AM,63.0
2069,1485313625638,2017-01-25-11-07-05AM,65.0
2070,1485313625817,2017-01-25-11-07-05AM,67.0
2071,1485313625996,2017-01-25-11-07-05AM,69.0
2072,1485313626178,2017-01-25-11-07-06AM,70.0
2073,1485313626360,2017-01-25-11-07-06AM,69.0
2074,1485313626540,2017-01-25-11-07-06AM,70.0
2075,1485313626720,2017-01-25-11-07-06AM,73.0
2076,1485313626899,2017-01-25-11-07-06AM,71.0
2077,1485313627080,2017-01-25-11-07-07AM,69.0
2078,1485313627261,2017-01-25-11-07-07AM,69.0
2079,1485313627440,2017-01-25-11-07-07AM,69.0
2080,1485313627615,2017-01-25-11-07-07AM,60.0
2081,1485313627801,2017-01-25-11-07-07AM,105.0
2082,1485313627978,2017-01-25-11-07-07AM,126.0
2083,1485313628162,2017-01-25-11-07-08AM,130.0
2084,1485313628341,2017-01-25-11-07-08AM,132.0
2085,1485313628521,2017-01-25-11-07-08AM,127.0
2086,1485313628702,2017-01-25-11-07-08AM,115.0
2087,1485313628882,2017-01-25-11-07-08AM,98.0
2088,1485313629060,2017-01-25-11-07-09AM,85.0
2089,1485313629242,2017-01-25-11-07-09AM,66.0
2090,1485313629420,2017-01-25-11-07-09AM,59.0
2091,1485313629603,2017-01-25-11-07-09AM,54.0
2092,1485313629784,2017-01-25-11-07-09AM,66.0
2093,1485313629964,2017-01-25-11-07-09AM,90.0
2094,1485313630139,2017-01-25-11-07-10AM,120.0
2095,1485313630324,2017-01-25-11-07-10AM,138.0
2096,1485313630504,2017-01-25-11-07-10AM,139.0
2097,1485313630682,2017-01-25-11-07-10AM,137.0
2098,1485313630865,2017-01-25-11-07-10AM,136.0
2099,1485313631044,2017-01-25-11-07-11AM,134.0
2100,1485313631221,2017-01-25-11-07-11AM,133.0
2101,1485313631400,2017-01-25-11-07-11AM,134.0
2102,1485313631582,2017-01-25-11-07-11AM,135.0
2103,1485313631765,2017-01-25-11-07-11AM,137.0
2104,1485313631945,2017-01-25-11-07-11AM,132.0
2105,1485313632124,2017-01-25-11-07-12AM,128.0
2106,1485313632305,2017-01-25-11-07-12AM,120.0
2107,1485313632484,2017-01-25-11-07-12AM,110.0
2108,1485313632665,2017-01-25-11-07-12AM,102.0
2109,1485313632845,2017-01-25-11-07-12AM,93.0
2110,1485313633026,2017-01-25-11-07-13AM,87.0
2111,1485313633205,2017-01-25-11-07-13AM,78.0
2112,1485313633385,2017-01-25-11-07-13AM,70.0
2113,1485313633565,2017-01-25-11-07-13AM,53.0
2114,1485313633746,2017-01-25-11-07-13AM,41.0
2115,1485313633927,2017-01-25-11-07-13AM,35.0
2116,1485313634108,2017-01-25-11-07-14AM,32.0
2117,1485313634285,2017-01-25-11-07-14AM,29.0
2118,1485313634467,2017-01-25-11-07-14AM,28.0
2119,1485313634646,2017-01-25-11-07-14AM,27.0
2120,1485313634826,2017-01-25-11-07-14AM,28.0
2121,1485313635008,2017-01-25-11-07-15AM,29.0
2122,1485313635188,2017-01-25-11-07-15AM,90.0
2123,1485313635364,2017-01-25-11-07-15AM,119.0
2124,1485313635548,2017-01-25-11-07-15AM,122.0
2125,1485313635727,2017-01-25-11-07-15AM,103.0
2126,1485313635908,2017-01-25-11-07-15AM,119.0
2127,1485313636088,2017-01-25-11-07-16AM,103.0
2128,1485313636268,2017-01-25-11-07-16AM,98.0
2129,1485313636449,2017-01-25-11-07-16AM,101.0
2130,1485313636630,2017-01-25-11-07-16AM,95.0
2131,1485313636810,2017-01-25-11-07-16AM,102.0
2132,1485313636988,2017-01-25-11-07-16AM,105.0
2133,1485313637170,2017-01-25-11-07-17AM,99.0
2134,1485313637349,2017-01-25-11-07-17AM,88.0
2135,1485313637530,2017-01-25-11-07-17AM,84.0
2136,1485313637710,2017-01-25-11-07-17AM,74.0
2137,1485313637886,2017-01-25-11-07-17AM,74.0
2138,1485313638068,2017-01-25-11-07-18AM,60.0
2139,1485313638246,2017-01-25-11-07-18AM,57.0
