1,1485314688208,2017-01-25-11-24-48AM,767.0
2,1485314688335,2017-01-25-11-24-48AM,671.0
3,1485314688514,2017-01-25-11-24-48AM,829.0
4,1485314688694,2017-01-25-11-24-48AM,960.0
5,1485314688874,2017-01-25-11-24-48AM,857.0
6,1485314689055,2017-01-25-11-24-49AM,1035.0
7,1485314689237,2017-01-25-11-24-49AM,1195.0
8,1485314689417,2017-01-25-11-24-49AM,908.0
9,1485314689595,2017-01-25-11-24-49AM,1153.0
10,1485314689775,2017-01-25-11-24-49AM,1467.0
11,1485314689957,2017-01-25-11-24-49AM,1704.0
12,1485314690137,2017-01-25-11-24-50AM,2302.0
13,1485314690317,2017-01-25-11-24-50AM,2441.0
14,1485314690498,2017-01-25-11-24-50AM,2860.0
15,1485314690676,2017-01-25-11-24-50AM,5988.0
16,1485314690855,2017-01-25-11-24-50AM,7938.0
17,1485314691038,2017-01-25-11-24-51AM,13445.0
18,1485314691217,2017-01-25-11-24-51AM,16563.0
19,1485314691399,2017-01-25-11-24-51AM,16660.0
20,1485314691578,2017-01-25-11-24-51AM,17301.0
21,1485314691762,2017-01-25-11-24-51AM,18397.0
22,1485314691940,2017-01-25-11-24-51AM,17477.0
23,1485314692122,2017-01-25-11-24-52AM,17885.0
24,1485314692298,2017-01-25-11-24-52AM,17057.0
25,1485314692481,2017-01-25-11-24-52AM,16920.0
26,1485314692662,2017-01-25-11-24-52AM,18763.0
27,1485314692842,2017-01-25-11-24-52AM,18540.0
28,1485314693019,2017-01-25-11-24-53AM,16775.0
29,1485314693199,2017-01-25-11-24-53AM,18025.0
30,1485314693380,2017-01-25-11-24-53AM,19141.0
31,1485314693562,2017-01-25-11-24-53AM,17221.0
32,1485314693743,2017-01-25-11-24-53AM,18911.0
33,1485314693921,2017-01-25-11-24-53AM,18385.0
34,1485314694102,2017-01-25-11-24-54AM,17445.0
35,1485314694282,2017-01-25-11-24-54AM,18979.0
36,1485314694463,2017-01-25-11-24-54AM,17524.0
37,1485314694642,2017-01-25-11-24-54AM,18326.0
38,1485314694823,2017-01-25-11-24-54AM,18864.0
39,1485314695003,2017-01-25-11-24-55AM,20314.0
40,1485314695183,2017-01-25-11-24-55AM,21271.0
41,1485314695363,2017-01-25-11-24-55AM,17259.0
42,1485314695541,2017-01-25-11-24-55AM,16960.0
43,1485314695723,2017-01-25-11-24-55AM,20157.0
44,1485314695903,2017-01-25-11-24-55AM,20659.0
45,1485314696086,2017-01-25-11-24-56AM,22234.0
46,1485314696267,2017-01-25-11-24-56AM,21765.0
47,1485314696469,2017-01-25-11-24-56AM,17004.0
48,1485314696623,2017-01-25-11-24-56AM,17077.0
49,1485314696804,2017-01-25-11-24-56AM,20768.0
50,1485314696986,2017-01-25-11-24-56AM,21331.0
51,1485314697165,2017-01-25-11-24-57AM,22143.0
52,1485314697345,2017-01-25-11-24-57AM,18966.0
53,1485314697525,2017-01-25-11-24-57AM,16870.0
54,1485314697704,2017-01-25-11-24-57AM,19433.0
55,1485314697885,2017-01-25-11-24-57AM,20932.0
56,1485314698066,2017-01-25-11-24-58AM,21202.0
57,1485314698246,2017-01-25-11-24-58AM,21155.0
58,1485314698427,2017-01-25-11-24-58AM,17323.0
59,1485314698606,2017-01-25-11-24-58AM,16772.0
60,1485314698786,2017-01-25-11-24-58AM,19135.0
61,1485314698966,2017-01-25-11-24-58AM,19071.0
62,1485314699146,2017-01-25-11-24-59AM,19614.0
63,1485314699325,2017-01-25-11-24-59AM,19740.0
64,1485314699507,2017-01-25-11-24-59AM,16665.0
65,1485314699685,2017-01-25-11-24-59AM,16923.0
66,1485314699869,2017-01-25-11-24-59AM,19921.0
67,1485314700045,2017-01-25-11-25-00AM,20624.0
68,1485314700224,2017-01-25-11-25-00AM,21294.0
69,1485314700405,2017-01-25-11-25-00AM,20059.0
70,1485314700587,2017-01-25-11-25-00AM,17475.0
71,1485314700770,2017-01-25-11-25-00AM,20277.0
72,1485314700950,2017-01-25-11-25-00AM,20211.0
73,1485314701128,2017-01-25-11-25-01AM,16541.0
74,1485314701308,2017-01-25-11-25-01AM,16779.0
75,1485314701489,2017-01-25-11-25-01AM,16828.0
76,1485314701672,2017-01-25-11-25-01AM,16609.0
77,1485314701850,2017-01-25-11-25-01AM,17040.0
78,1485314702029,2017-01-25-11-25-02AM,16514.0
79,1485314702208,2017-01-25-11-25-02AM,16633.0
80,1485314702391,2017-01-25-11-25-02AM,16538.0
81,1485314702570,2017-01-25-11-25-02AM,16821.0
82,1485314702752,2017-01-25-11-25-02AM,16547.0
83,1485314702929,2017-01-25-11-25-02AM,16532.0
84,1485314703110,2017-01-25-11-25-03AM,16938.0
85,1485314703291,2017-01-25-11-25-03AM,16893.0
86,1485314703470,2017-01-25-11-25-03AM,16790.0
87,1485314703652,2017-01-25-11-25-03AM,16372.0
88,1485314703833,2017-01-25-11-25-03AM,16663.0
89,1485314704012,2017-01-25-11-25-04AM,16522.0
90,1485314704192,2017-01-25-11-25-04AM,16590.0
91,1485314704372,2017-01-25-11-25-04AM,16546.0
92,1485314704551,2017-01-25-11-25-04AM,16491.0
93,1485314704732,2017-01-25-11-25-04AM,16713.0
94,1485314704911,2017-01-25-11-25-04AM,16521.0
95,1485314705093,2017-01-25-11-25-05AM,17238.0
96,1485314705274,2017-01-25-11-25-05AM,19983.0
97,1485314705453,2017-01-25-11-25-05AM,16763.0
98,1485314705632,2017-01-25-11-25-05AM,16566.0
99,1485314705814,2017-01-25-11-25-05AM,18896.0
100,1485314705994,2017-01-25-11-25-05AM,20532.0
101,1485314706173,2017-01-25-11-25-06AM,17657.0
102,1485314706355,2017-01-25-11-25-06AM,18177.0
103,1485314706534,2017-01-25-11-25-06AM,16585.0
104,1485314706713,2017-01-25-11-25-06AM,16420.0
105,1485314706894,2017-01-25-11-25-06AM,16627.0
106,1485314707075,2017-01-25-11-25-07AM,17126.0
107,1485314707254,2017-01-25-11-25-07AM,18044.0
108,1485314707434,2017-01-25-11-25-07AM,18212.0
109,1485314707615,2017-01-25-11-25-07AM,16598.0
110,1485314707795,2017-01-25-11-25-07AM,17718.0
111,1485314707975,2017-01-25-11-25-07AM,20069.0
112,1485314708155,2017-01-25-11-25-08AM,20016.0
113,1485314708338,2017-01-25-11-25-08AM,20565.0
114,1485314708513,2017-01-25-11-25-08AM,19009.0
115,1485314708694,2017-01-25-11-25-08AM,17353.0
116,1485314708880,2017-01-25-11-25-08AM,20472.0
117,1485314709055,2017-01-25-11-25-09AM,20254.0
118,1485314709235,2017-01-25-11-25-09AM,21008.0
119,1485314709416,2017-01-25-11-25-09AM,20753.0
120,1485314709595,2017-01-25-11-25-09AM,17575.0
121,1485314709776,2017-01-25-11-25-09AM,16502.0
122,1485314709956,2017-01-25-11-25-09AM,19823.0
123,1485314710135,2017-01-25-11-25-10AM,20282.0
124,1485314710316,2017-01-25-11-25-10AM,20541.0
125,1485314710497,2017-01-25-11-25-10AM,20173.0
126,1485314710678,2017-01-25-11-25-10AM,16582.0
127,1485314710858,2017-01-25-11-25-10AM,17547.0
128,1485314711038,2017-01-25-11-25-11AM,20573.0
129,1485314711217,2017-01-25-11-25-11AM,20386.0
130,1485314711398,2017-01-25-11-25-11AM,20449.0
131,1485314711579,2017-01-25-11-25-11AM,20658.0
132,1485314711758,2017-01-25-11-25-11AM,17974.0
133,1485314711940,2017-01-25-11-25-11AM,19032.0
134,1485314712119,2017-01-25-11-25-12AM,20678.0
135,1485314712299,2017-01-25-11-25-12AM,20725.0
136,1485314712477,2017-01-25-11-25-12AM,20785.0
137,1485314712656,2017-01-25-11-25-12AM,19710.0
138,1485314712843,2017-01-25-11-25-12AM,17099.0
139,1485314713020,2017-01-25-11-25-13AM,19951.0
140,1485314713202,2017-01-25-11-25-13AM,20622.0
141,1485314713382,2017-01-25-11-25-13AM,20491.0
142,1485314713562,2017-01-25-11-25-13AM,20493.0
143,1485314713742,2017-01-25-11-25-13AM,18166.0
144,1485314713922,2017-01-25-11-25-13AM,16903.0
145,1485314714102,2017-01-25-11-25-14AM,19685.0
146,1485314714283,2017-01-25-11-25-14AM,18052.0
147,1485314714462,2017-01-25-11-25-14AM,19454.0
148,1485314714642,2017-01-25-11-25-14AM,19646.0
149,1485314714823,2017-01-25-11-25-14AM,16527.0
150,1485314715000,2017-01-25-11-25-15AM,16671.0
151,1485314715182,2017-01-25-11-25-15AM,18210.0
152,1485314715362,2017-01-25-11-25-15AM,17743.0
153,1485314715543,2017-01-25-11-25-15AM,17830.0
154,1485314715722,2017-01-25-11-25-15AM,17674.0
155,1485314715903,2017-01-25-11-25-15AM,16712.0
156,1485314716085,2017-01-25-11-25-16AM,16796.0
157,1485314716266,2017-01-25-11-25-16AM,17317.0
158,1485314716442,2017-01-25-11-25-16AM,17122.0
159,1485314716624,2017-01-25-11-25-16AM,17782.0
160,1485314716803,2017-01-25-11-25-16AM,16793.0
161,1485314716984,2017-01-25-11-25-16AM,16413.0
162,1485314717166,2017-01-25-11-25-17AM,16557.0
163,1485314717346,2017-01-25-11-25-17AM,17231.0
164,1485314717525,2017-01-25-11-25-17AM,17494.0
165,1485314717705,2017-01-25-11-25-17AM,17720.0
166,1485314717885,2017-01-25-11-25-17AM,16802.0
167,1485314718065,2017-01-25-11-25-18AM,16777.0
168,1485314718245,2017-01-25-11-25-18AM,18323.0
169,1485314718427,2017-01-25-11-25-18AM,18488.0
170,1485314718607,2017-01-25-11-25-18AM,18502.0
171,1485314718785,2017-01-25-11-25-18AM,18046.0
172,1485314718964,2017-01-25-11-25-18AM,17082.0
173,1485314719144,2017-01-25-11-25-19AM,16699.0
174,1485314719326,2017-01-25-11-25-19AM,19171.0
175,1485314719506,2017-01-25-11-25-19AM,20091.0
176,1485314719684,2017-01-25-11-25-19AM,20498.0
177,1485314719866,2017-01-25-11-25-19AM,19615.0
178,1485314720046,2017-01-25-11-25-20AM,17251.0
179,1485314720226,2017-01-25-11-25-20AM,18520.0
180,1485314720405,2017-01-25-11-25-20AM,18086.0
181,1485314720588,2017-01-25-11-25-20AM,16592.0
182,1485314720764,2017-01-25-11-25-20AM,15544.0
183,1485314720948,2017-01-25-11-25-20AM,15564.0
184,1485314721130,2017-01-25-11-25-21AM,15612.0
185,1485314721307,2017-01-25-11-25-21AM,14681.0
186,1485314721488,2017-01-25-11-25-21AM,14892.0
187,1485314721670,2017-01-25-11-25-21AM,12796.0
188,1485314721848,2017-01-25-11-25-21AM,12133.0
189,1485314722033,2017-01-25-11-25-22AM,12302.0
190,1485314722210,2017-01-25-11-25-22AM,11688.0
191,1485314722391,2017-01-25-11-25-22AM,10805.0
192,1485314722570,2017-01-25-11-25-22AM,9882.0
193,1485314722750,2017-01-25-11-25-22AM,9411.0
194,1485314722933,2017-01-25-11-25-22AM,8894.0
195,1485314723113,2017-01-25-11-25-23AM,8936.0
196,1485314723290,2017-01-25-11-25-23AM,9344.0
197,1485314723471,2017-01-25-11-25-23AM,11935.0
198,1485314723650,2017-01-25-11-25-23AM,9727.0
199,1485314723830,2017-01-25-11-25-23AM,8762.0
200,1485314724012,2017-01-25-11-25-24AM,8462.0
201,1485314724190,2017-01-25-11-25-24AM,7765.0
202,1485314724372,2017-01-25-11-25-24AM,9376.0
203,1485314724551,2017-01-25-11-25-24AM,10608.0
204,1485314724731,2017-01-25-11-25-24AM,15596.0
205,1485314724910,2017-01-25-11-25-24AM,14415.0
206,1485314725090,2017-01-25-11-25-25AM,14624.0
207,1485314725272,2017-01-25-11-25-25AM,15241.0
208,1485314725451,2017-01-25-11-25-25AM,16148.0
209,1485314725632,2017-01-25-11-25-25AM,20912.0
210,1485314725810,2017-01-25-11-25-25AM,26083.0
211,1485314725992,2017-01-25-11-25-25AM,26108.0
212,1485314726174,2017-01-25-11-25-26AM,21792.0
213,1485314726356,2017-01-25-11-25-26AM,20534.0
214,1485314726557,2017-01-25-11-25-26AM,21099.0
215,1485314726714,2017-01-25-11-25-26AM,20589.0
216,1485314726893,2017-01-25-11-25-26AM,19385.0
217,1485314727074,2017-01-25-11-25-27AM,17368.0
218,1485314727254,2017-01-25-11-25-27AM,14575.0
219,1485314727435,2017-01-25-11-25-27AM,14538.0
220,1485314727613,2017-01-25-11-25-27AM,13726.0
221,1485314727796,2017-01-25-11-25-27AM,14385.0
222,1485314727975,2017-01-25-11-25-27AM,16238.0
223,1485314728155,2017-01-25-11-25-28AM,17525.0
224,1485314728335,2017-01-25-11-25-28AM,17324.0
225,1485314728513,2017-01-25-11-25-28AM,20148.0
226,1485314728696,2017-01-25-11-25-28AM,20278.0
227,1485314728877,2017-01-25-11-25-28AM,19910.0
228,1485314729056,2017-01-25-11-25-29AM,21124.0
229,1485314729237,2017-01-25-11-25-29AM,20394.0
230,1485314729414,2017-01-25-11-25-29AM,18047.0
231,1485314729596,2017-01-25-11-25-29AM,17951.0
232,1485314729776,2017-01-25-11-25-29AM,18545.0
233,1485314729959,2017-01-25-11-25-29AM,20010.0
234,1485314730137,2017-01-25-11-25-30AM,20115.0
235,1485314730316,2017-01-25-11-25-30AM,16738.0
236,1485314730496,2017-01-25-11-25-30AM,16578.0
237,1485314730677,2017-01-25-11-25-30AM,16605.0
238,1485314730858,2017-01-25-11-25-30AM,16697.0
239,1485314731039,2017-01-25-11-25-31AM,16139.0
240,1485314731219,2017-01-25-11-25-31AM,15878.0
241,1485314731398,2017-01-25-11-25-31AM,11246.0
242,1485314731578,2017-01-25-11-25-31AM,10337.0
243,1485314731758,2017-01-25-11-25-31AM,11766.0
244,1485314731938,2017-01-25-11-25-31AM,11352.0
245,1485314732119,2017-01-25-11-25-32AM,10764.0
246,1485314732299,2017-01-25-11-25-32AM,15479.0
247,1485314732479,2017-01-25-11-25-32AM,14329.0
248,1485314732659,2017-01-25-11-25-32AM,13358.0
249,1485314732839,2017-01-25-11-25-32AM,16706.0
250,1485314733022,2017-01-25-11-25-33AM,16024.0
251,1485314733199,2017-01-25-11-25-33AM,13146.0
252,1485314733380,2017-01-25-11-25-33AM,16779.0
253,1485314733562,2017-01-25-11-25-33AM,16598.0
254,1485314733742,2017-01-25-11-25-33AM,16134.0
255,1485314733920,2017-01-25-11-25-33AM,16842.0
256,1485314734101,2017-01-25-11-25-34AM,17125.0
257,1485314734282,2017-01-25-11-25-34AM,16842.0
258,1485314734460,2017-01-25-11-25-34AM,15694.0
259,1485314734642,2017-01-25-11-25-34AM,13739.0
260,1485314734822,2017-01-25-11-25-34AM,16372.0
261,1485314735000,2017-01-25-11-25-35AM,14847.0
262,1485314735187,2017-01-25-11-25-35AM,16214.0
263,1485314735363,2017-01-25-11-25-35AM,16721.0
264,1485314735542,2017-01-25-11-25-35AM,16960.0
265,1485314735722,2017-01-25-11-25-35AM,16325.0
266,1485314735903,2017-01-25-11-25-35AM,17180.0
267,1485314736082,2017-01-25-11-25-36AM,21212.0
268,1485314736263,2017-01-25-11-25-36AM,21122.0
269,1485314736445,2017-01-25-11-25-36AM,23059.0
270,1485314736625,2017-01-25-11-25-36AM,22046.0
271,1485314736802,2017-01-25-11-25-36AM,19073.0
272,1485314736984,2017-01-25-11-25-36AM,17059.0
273,1485314737164,2017-01-25-11-25-37AM,16909.0
274,1485314737344,2017-01-25-11-25-37AM,17091.0
275,1485314737525,2017-01-25-11-25-37AM,16212.0
276,1485314737703,2017-01-25-11-25-37AM,15440.0
277,1485314737884,2017-01-25-11-25-37AM,14561.0
278,1485314738065,2017-01-25-11-25-38AM,12416.0
279,1485314738246,2017-01-25-11-25-38AM,11595.0
280,1485314738426,2017-01-25-11-25-38AM,11257.0
281,1485314738605,2017-01-25-11-25-38AM,8978.0
282,1485314738785,2017-01-25-11-25-38AM,7267.0
283,1485314738963,2017-01-25-11-25-38AM,7320.0
284,1485314739146,2017-01-25-11-25-39AM,6878.0
285,1485314739324,2017-01-25-11-25-39AM,5585.0
286,1485314739506,2017-01-25-11-25-39AM,4841.0
287,1485314739688,2017-01-25-11-25-39AM,4163.0
288,1485314739865,2017-01-25-11-25-39AM,3983.0
289,1485314740045,2017-01-25-11-25-40AM,3668.0
290,1485314740228,2017-01-25-11-25-40AM,3382.0
291,1485314740407,2017-01-25-11-25-40AM,3637.0
292,1485314740586,2017-01-25-11-25-40AM,3605.0
293,1485314740767,2017-01-25-11-25-40AM,3405.0
294,1485314740949,2017-01-25-11-25-40AM,3493.0
295,1485314741128,2017-01-25-11-25-41AM,3515.0
296,1485314741309,2017-01-25-11-25-41AM,3297.0
297,1485314741487,2017-01-25-11-25-41AM,3491.0
298,1485314741668,2017-01-25-11-25-41AM,4101.0
299,1485314741848,2017-01-25-11-25-41AM,4298.0
300,1485314742030,2017-01-25-11-25-42AM,4548.0
301,1485314742209,2017-01-25-11-25-42AM,4194.0
302,1485314742390,2017-01-25-11-25-42AM,4089.0
303,1485314742570,2017-01-25-11-25-42AM,4165.0
304,1485314742749,2017-01-25-11-25-42AM,4026.0
305,1485314742928,2017-01-25-11-25-42AM,4153.0
306,1485314743110,2017-01-25-11-25-43AM,4081.0
307,1485314743287,2017-01-25-11-25-43AM,3497.0
308,1485314743468,2017-01-25-11-25-43AM,2971.0
309,1485314743651,2017-01-25-11-25-43AM,3896.0
310,1485314743829,2017-01-25-11-25-43AM,4286.0
311,1485314744010,2017-01-25-11-25-44AM,5842.0
312,1485314744192,2017-01-25-11-25-44AM,4714.0
313,1485314744373,2017-01-25-11-25-44AM,3563.0
314,1485314744550,2017-01-25-11-25-44AM,3340.0
315,1485314744732,2017-01-25-11-25-44AM,4617.0
316,1485314744912,2017-01-25-11-25-44AM,6374.0
317,1485314745091,2017-01-25-11-25-45AM,7516.0
318,1485314745269,2017-01-25-11-25-45AM,9548.0
319,1485314745453,2017-01-25-11-25-45AM,14172.0
320,1485314745629,2017-01-25-11-25-45AM,17436.0
321,1485314745812,2017-01-25-11-25-45AM,18888.0
322,1485314745993,2017-01-25-11-25-45AM,20645.0
323,1485314746172,2017-01-25-11-25-46AM,26023.0
324,1485314746352,2017-01-25-11-25-46AM,26283.0
325,1485314746531,2017-01-25-11-25-46AM,25534.0
326,1485314746712,2017-01-25-11-25-46AM,32459.0
327,1485314746894,2017-01-25-11-25-46AM,35008.0
328,1485314747074,2017-01-25-11-25-47AM,38034.0
329,1485314747254,2017-01-25-11-25-47AM,38504.0
330,1485314747434,2017-01-25-11-25-47AM,36362.0
331,1485314747614,2017-01-25-11-25-47AM,35680.0
332,1485314747795,2017-01-25-11-25-47AM,41580.0
333,1485314747973,2017-01-25-11-25-47AM,43676.0
334,1485314748154,2017-01-25-11-25-48AM,43316.0
335,1485314748334,2017-01-25-11-25-48AM,42603.0
336,1485314748512,2017-01-25-11-25-48AM,39269.0
337,1485314748697,2017-01-25-11-25-48AM,40465.0
338,1485314748875,2017-01-25-11-25-48AM,42021.0
339,1485314749057,2017-01-25-11-25-49AM,42383.0
340,1485314749236,2017-01-25-11-25-49AM,41696.0
341,1485314749416,2017-01-25-11-25-49AM,42761.0
342,1485314749596,2017-01-25-11-25-49AM,38554.0
343,1485314749777,2017-01-25-11-25-49AM,39780.0
344,1485314749958,2017-01-25-11-25-49AM,44186.0
345,1485314750137,2017-01-25-11-25-50AM,44243.0
346,1485314750317,2017-01-25-11-25-50AM,44037.0
347,1485314750497,2017-01-25-11-25-50AM,43131.0
348,1485314750677,2017-01-25-11-25-50AM,39761.0
349,1485314750857,2017-01-25-11-25-50AM,37840.0
350,1485314751037,2017-01-25-11-25-51AM,36099.0
351,1485314751216,2017-01-25-11-25-51AM,43173.0
352,1485314751398,2017-01-25-11-25-51AM,44210.0
353,1485314751578,2017-01-25-11-25-51AM,42838.0
354,1485314751757,2017-01-25-11-25-51AM,37960.0
355,1485314751938,2017-01-25-11-25-51AM,30897.0
356,1485314752120,2017-01-25-11-25-52AM,26782.0
357,1485314752299,2017-01-25-11-25-52AM,23499.0
358,1485314752478,2017-01-25-11-25-52AM,32239.0
359,1485314752659,2017-01-25-11-25-52AM,35223.0
360,1485314752838,2017-01-25-11-25-52AM,24782.0
361,1485314753017,2017-01-25-11-25-53AM,16666.0
362,1485314753199,2017-01-25-11-25-53AM,13059.0
363,1485314753381,2017-01-25-11-25-53AM,11655.0
364,1485314753560,2017-01-25-11-25-53AM,33002.0
365,1485314753742,2017-01-25-11-25-53AM,45580.0
366,1485314753922,2017-01-25-11-25-53AM,43817.0
367,1485314754100,2017-01-25-11-25-54AM,32751.0
368,1485314754282,2017-01-25-11-25-54AM,29588.0
369,1485314754458,2017-01-25-11-25-54AM,43154.0
370,1485314754642,2017-01-25-11-25-54AM,42522.0
371,1485314754822,2017-01-25-11-25-54AM,42825.0
372,1485314755002,2017-01-25-11-25-55AM,34306.0
373,1485314755181,2017-01-25-11-25-55AM,26362.0
374,1485314755362,2017-01-25-11-25-55AM,36868.0
375,1485314755541,2017-01-25-11-25-55AM,40506.0
376,1485314755722,2017-01-25-11-25-55AM,36739.0
377,1485314755904,2017-01-25-11-25-55AM,32508.0
378,1485314756082,2017-01-25-11-25-56AM,25433.0
379,1485314756261,2017-01-25-11-25-56AM,22875.0
380,1485314756442,2017-01-25-11-25-56AM,31431.0
381,1485314756653,2017-01-25-11-25-56AM,31460.0
382,1485314756803,2017-01-25-11-25-56AM,31072.0
383,1485314756983,2017-01-25-11-25-56AM,27329.0
384,1485314757163,2017-01-25-11-25-57AM,16825.0
385,1485314757342,2017-01-25-11-25-57AM,17075.0
386,1485314757523,2017-01-25-11-25-57AM,16924.0
387,1485314757704,2017-01-25-11-25-57AM,16940.0
388,1485314757884,2017-01-25-11-25-57AM,16636.0
389,1485314758066,2017-01-25-11-25-58AM,15558.0
390,1485314758244,2017-01-25-11-25-58AM,16046.0
391,1485314758423,2017-01-25-11-25-58AM,16093.0
392,1485314758605,2017-01-25-11-25-58AM,16811.0
393,1485314758785,2017-01-25-11-25-58AM,16852.0
394,1485314758964,2017-01-25-11-25-58AM,18683.0
395,1485314759144,2017-01-25-11-25-59AM,17569.0
396,1485314759325,2017-01-25-11-25-59AM,17477.0
397,1485314759504,2017-01-25-11-25-59AM,21836.0
398,1485314759685,2017-01-25-11-25-59AM,24032.0
399,1485314759866,2017-01-25-11-25-59AM,21429.0
400,1485314760043,2017-01-25-11-26-00AM,18573.0
401,1485314760225,2017-01-25-11-26-00AM,18768.0
402,1485314760407,2017-01-25-11-26-00AM,17377.0
403,1485314760586,2017-01-25-11-26-00AM,17309.0
404,1485314760767,2017-01-25-11-26-00AM,17384.0
405,1485314760947,2017-01-25-11-26-00AM,17112.0
406,1485314761128,2017-01-25-11-26-01AM,16749.0
407,1485314761309,2017-01-25-11-26-01AM,16840.0
408,1485314761485,2017-01-25-11-26-01AM,17953.0
409,1485314761667,2017-01-25-11-26-01AM,17145.0
410,1485314761846,2017-01-25-11-26-01AM,16959.0
411,1485314762028,2017-01-25-11-26-02AM,16595.0
412,1485314762208,2017-01-25-11-26-02AM,15686.0
413,1485314762388,2017-01-25-11-26-02AM,13934.0
414,1485314762568,2017-01-25-11-26-02AM,13470.0
415,1485314762750,2017-01-25-11-26-02AM,14839.0
416,1485314762931,2017-01-25-11-26-02AM,15458.0
417,1485314763109,2017-01-25-11-26-03AM,15850.0
418,1485314763290,2017-01-25-11-26-03AM,16246.0
419,1485314763472,2017-01-25-11-26-03AM,16246.0
420,1485314763648,2017-01-25-11-26-03AM,16893.0
421,1485314763832,2017-01-25-11-26-03AM,17067.0
422,1485314764010,2017-01-25-11-26-04AM,20983.0
423,1485314764190,2017-01-25-11-26-04AM,18353.0
424,1485314764372,2017-01-25-11-26-04AM,17093.0
425,1485314764549,2017-01-25-11-26-04AM,18021.0
426,1485314764730,2017-01-25-11-26-04AM,16659.0
427,1485314764910,2017-01-25-11-26-04AM,16735.0
428,1485314765088,2017-01-25-11-26-05AM,16645.0
429,1485314765270,2017-01-25-11-26-05AM,17854.0
430,1485314765449,2017-01-25-11-26-05AM,20969.0
431,1485314765633,2017-01-25-11-26-05AM,19759.0
432,1485314765812,2017-01-25-11-26-05AM,21907.0
433,1485314765992,2017-01-25-11-26-05AM,23011.0
434,1485314766173,2017-01-25-11-26-06AM,21985.0
435,1485314766352,2017-01-25-11-26-06AM,21021.0
436,1485314766530,2017-01-25-11-26-06AM,20326.0
437,1485314766714,2017-01-25-11-26-06AM,19018.0
438,1485314766894,2017-01-25-11-26-06AM,18460.0
439,1485314767073,2017-01-25-11-26-07AM,18277.0
440,1485314767255,2017-01-25-11-26-07AM,18476.0
441,1485314767432,2017-01-25-11-26-07AM,18756.0
442,1485314767613,2017-01-25-11-26-07AM,17353.0
443,1485314767793,2017-01-25-11-26-07AM,16972.0
444,1485314767974,2017-01-25-11-26-07AM,17897.0
445,1485314768153,2017-01-25-11-26-08AM,18650.0
446,1485314768334,2017-01-25-11-26-08AM,18377.0
447,1485314768512,2017-01-25-11-26-08AM,18486.0
448,1485314768695,2017-01-25-11-26-08AM,16955.0
449,1485314768873,2017-01-25-11-26-08AM,16929.0
450,1485314769052,2017-01-25-11-26-09AM,16450.0
451,1485314769235,2017-01-25-11-26-09AM,16172.0
452,1485314769415,2017-01-25-11-26-09AM,15821.0
453,1485314769595,2017-01-25-11-26-09AM,15544.0
454,1485314769774,2017-01-25-11-26-09AM,15422.0
455,1485314769956,2017-01-25-11-26-09AM,15644.0
456,1485314770138,2017-01-25-11-26-10AM,15390.0
457,1485314770316,2017-01-25-11-26-10AM,15212.0
458,1485314770497,2017-01-25-11-26-10AM,15992.0
459,1485314770676,2017-01-25-11-26-10AM,16312.0
460,1485314770856,2017-01-25-11-26-10AM,16200.0
461,1485314771037,2017-01-25-11-26-11AM,16720.0
462,1485314771217,2017-01-25-11-26-11AM,16855.0
463,1485314771396,2017-01-25-11-26-11AM,16889.0
464,1485314771578,2017-01-25-11-26-11AM,16814.0
465,1485314771760,2017-01-25-11-26-11AM,16911.0
466,1485314771936,2017-01-25-11-26-11AM,16803.0
467,1485314772119,2017-01-25-11-26-12AM,16513.0
468,1485314772297,2017-01-25-11-26-12AM,19433.0
469,1485314772480,2017-01-25-11-26-12AM,19719.0
470,1485314772660,2017-01-25-11-26-12AM,19009.0
471,1485314772842,2017-01-25-11-26-12AM,18255.0
472,1485314773019,2017-01-25-11-26-13AM,16682.0
473,1485314773197,2017-01-25-11-26-13AM,16363.0
474,1485314773380,2017-01-25-11-26-13AM,16309.0
475,1485314773561,2017-01-25-11-26-13AM,15811.0
476,1485314773740,2017-01-25-11-26-13AM,14514.0
477,1485314773918,2017-01-25-11-26-13AM,9379.0
478,1485314774102,2017-01-25-11-26-14AM,5956.0
479,1485314774280,2017-01-25-11-26-14AM,1945.0
480,1485314774462,2017-01-25-11-26-14AM,1209.0
481,1485314774643,2017-01-25-11-26-14AM,925.0
482,1485314774821,2017-01-25-11-26-14AM,668.0
483,1485314775002,2017-01-25-11-26-15AM,600.0
484,1485314775182,2017-01-25-11-26-15AM,471.0
485,1485314775360,2017-01-25-11-26-15AM,433.0
486,1485314775543,2017-01-25-11-26-15AM,463.0
487,1485314775723,2017-01-25-11-26-15AM,592.0
488,1485314775902,2017-01-25-11-26-15AM,680.0
489,1485314776083,2017-01-25-11-26-16AM,773.0
490,1485314776263,2017-01-25-11-26-16AM,1052.0
491,1485314776443,2017-01-25-11-26-16AM,1145.0
492,1485314776626,2017-01-25-11-26-16AM,1382.0
493,1485314776804,2017-01-25-11-26-16AM,1923.0
494,1485314776981,2017-01-25-11-26-16AM,2520.0
495,1485314777164,2017-01-25-11-26-17AM,2865.0
496,1485314777342,2017-01-25-11-26-17AM,4855.0
497,1485314777523,2017-01-25-11-26-17AM,6214.0
498,1485314777704,2017-01-25-11-26-17AM,6359.0
499,1485314777884,2017-01-25-11-26-17AM,8592.0
500,1485314778064,2017-01-25-11-26-18AM,8351.0
501,1485314778245,2017-01-25-11-26-18AM,8419.0
502,1485314778424,2017-01-25-11-26-18AM,9731.0
503,1485314778604,2017-01-25-11-26-18AM,10125.0
504,1485314778785,2017-01-25-11-26-18AM,10858.0
505,1485314778965,2017-01-25-11-26-18AM,11244.0
506,1485314779147,2017-01-25-11-26-19AM,9631.0
507,1485314779326,2017-01-25-11-26-19AM,8558.0
508,1485314779506,2017-01-25-11-26-19AM,9335.0
509,1485314779685,2017-01-25-11-26-19AM,9297.0
510,1485314779865,2017-01-25-11-26-19AM,8736.0
511,1485314780047,2017-01-25-11-26-20AM,8366.0
512,1485314780228,2017-01-25-11-26-20AM,7270.0
513,1485314780404,2017-01-25-11-26-20AM,4847.0
514,1485314780584,2017-01-25-11-26-20AM,3475.0
515,1485314780764,2017-01-25-11-26-20AM,2374.0
516,1485314780944,2017-01-25-11-26-20AM,1558.0
517,1485314781128,2017-01-25-11-26-21AM,1254.0
518,1485314781308,2017-01-25-11-26-21AM,962.0
519,1485314781487,2017-01-25-11-26-21AM,731.0
520,1485314781668,2017-01-25-11-26-21AM,713.0
521,1485314781848,2017-01-25-11-26-21AM,799.0
522,1485314782029,2017-01-25-11-26-22AM,1015.0
523,1485314782209,2017-01-25-11-26-22AM,1305.0
524,1485314782388,2017-01-25-11-26-22AM,1569.0
525,1485314782567,2017-01-25-11-26-22AM,2050.0
526,1485314782750,2017-01-25-11-26-22AM,4369.0
527,1485314782930,2017-01-25-11-26-22AM,5735.0
528,1485314783110,2017-01-25-11-26-23AM,7149.0
529,1485314783290,2017-01-25-11-26-23AM,9039.0
530,1485314783472,2017-01-25-11-26-23AM,10095.0
531,1485314783652,2017-01-25-11-26-23AM,9987.0
532,1485314783831,2017-01-25-11-26-23AM,11259.0
533,1485314784012,2017-01-25-11-26-24AM,11619.0
534,1485314784190,2017-01-25-11-26-24AM,11369.0
535,1485314784372,2017-01-25-11-26-24AM,10655.0
536,1485314784550,2017-01-25-11-26-24AM,10414.0
537,1485314784732,2017-01-25-11-26-24AM,9100.0
538,1485314784913,2017-01-25-11-26-24AM,8398.0
539,1485314785092,2017-01-25-11-26-25AM,7995.0
540,1485314785272,2017-01-25-11-26-25AM,7695.0
541,1485314785450,2017-01-25-11-26-25AM,6977.0
542,1485314785632,2017-01-25-11-26-25AM,6507.0
543,1485314785813,2017-01-25-11-26-25AM,6431.0
544,1485314785994,2017-01-25-11-26-25AM,5910.0
545,1485314786173,2017-01-25-11-26-26AM,4558.0
546,1485314786352,2017-01-25-11-26-26AM,2561.0
547,1485314786533,2017-01-25-11-26-26AM,1789.0
548,1485314786736,2017-01-25-11-26-26AM,1430.0
549,1485314786893,2017-01-25-11-26-26AM,1339.0
550,1485314787073,2017-01-25-11-26-27AM,1193.0
551,1485314787253,2017-01-25-11-26-27AM,1045.0
552,1485314787434,2017-01-25-11-26-27AM,913.0
553,1485314787614,2017-01-25-11-26-27AM,720.0
554,1485314787793,2017-01-25-11-26-27AM,637.0
555,1485314787974,2017-01-25-11-26-27AM,631.0
556,1485314788156,2017-01-25-11-26-28AM,585.0
557,1485314788334,2017-01-25-11-26-28AM,546.0
558,1485314788513,2017-01-25-11-26-28AM,485.0
559,1485314788695,2017-01-25-11-26-28AM,410.0
560,1485314788873,2017-01-25-11-26-28AM,372.0
561,1485314789055,2017-01-25-11-26-29AM,388.0
562,1485314789237,2017-01-25-11-26-29AM,386.0
563,1485314789416,2017-01-25-11-26-29AM,404.0
564,1485314789596,2017-01-25-11-26-29AM,374.0
565,1485314789776,2017-01-25-11-26-29AM,332.0
566,1485314789958,2017-01-25-11-26-29AM,299.0
567,1485314790137,2017-01-25-11-26-30AM,293.0
568,1485314790314,2017-01-25-11-26-30AM,293.0
569,1485314790494,2017-01-25-11-26-30AM,312.0
570,1485314790676,2017-01-25-11-26-30AM,315.0
571,1485314790859,2017-01-25-11-26-30AM,287.0
572,1485314791036,2017-01-25-11-26-31AM,252.0
573,1485314791217,2017-01-25-11-26-31AM,270.0
574,1485314791398,2017-01-25-11-26-31AM,243.0
575,1485314791580,2017-01-25-11-26-31AM,292.0
576,1485314791755,2017-01-25-11-26-31AM,491.0
577,1485314791936,2017-01-25-11-26-31AM,510.0
578,1485314792116,2017-01-25-11-26-32AM,505.0
579,1485314792296,2017-01-25-11-26-32AM,601.0
580,1485314792477,2017-01-25-11-26-32AM,646.0
581,1485314792656,2017-01-25-11-26-32AM,672.0
582,1485314792836,2017-01-25-11-26-32AM,784.0
583,1485314793017,2017-01-25-11-26-33AM,839.0
584,1485314793197,2017-01-25-11-26-33AM,799.0
585,1485314793376,2017-01-25-11-26-33AM,767.0
586,1485314793557,2017-01-25-11-26-33AM,686.0
587,1485314793737,2017-01-25-11-26-33AM,536.0
588,1485314793918,2017-01-25-11-26-33AM,504.0
589,1485314794099,2017-01-25-11-26-34AM,521.0
590,1485314794278,2017-01-25-11-26-34AM,609.0
591,1485314794458,2017-01-25-11-26-34AM,664.0
592,1485314794643,2017-01-25-11-26-34AM,761.0
593,1485314794822,2017-01-25-11-26-34AM,785.0
594,1485314795002,2017-01-25-11-26-35AM,822.0
595,1485314795182,2017-01-25-11-26-35AM,581.0
596,1485314795362,2017-01-25-11-26-35AM,303.0
597,1485314795540,2017-01-25-11-26-35AM,112.0
598,1485314795723,2017-01-25-11-26-35AM,52.0
599,1485314795904,2017-01-25-11-26-35AM,39.0
600,1485314796082,2017-01-25-11-26-36AM,29.0
601,1485314796262,2017-01-25-11-26-36AM,19.0
602,1485314796443,2017-01-25-11-26-36AM,17.0
603,1485314796624,2017-01-25-11-26-36AM,18.0
604,1485314796800,2017-01-25-11-26-36AM,17.0
605,1485314796985,2017-01-25-11-26-36AM,51.0
606,1485314797165,2017-01-25-11-26-37AM,158.0
607,1485314797344,2017-01-25-11-26-37AM,559.0
608,1485314797523,2017-01-25-11-26-37AM,971.0
609,1485314797701,2017-01-25-11-26-37AM,1295.0
610,1485314797883,2017-01-25-11-26-37AM,1454.0
611,1485314798062,2017-01-25-11-26-38AM,1139.0
612,1485314798245,2017-01-25-11-26-38AM,1080.0
613,1485314798425,2017-01-25-11-26-38AM,965.0
614,1485314798605,2017-01-25-11-26-38AM,845.0
615,1485314798785,2017-01-25-11-26-38AM,803.0
616,1485314798963,2017-01-25-11-26-38AM,686.0
617,1485314799142,2017-01-25-11-26-39AM,605.0
618,1485314799325,2017-01-25-11-26-39AM,715.0
619,1485314799504,2017-01-25-11-26-39AM,738.0
620,1485314799685,2017-01-25-11-26-39AM,690.0
621,1485314799866,2017-01-25-11-26-39AM,638.0
622,1485314800045,2017-01-25-11-26-40AM,585.0
623,1485314800226,2017-01-25-11-26-40AM,560.0
624,1485314800406,2017-01-25-11-26-40AM,564.0
625,1485314800586,2017-01-25-11-26-40AM,613.0
626,1485314800767,2017-01-25-11-26-40AM,604.0
627,1485314800948,2017-01-25-11-26-40AM,473.0
628,1485314801125,2017-01-25-11-26-41AM,354.0
629,1485314801307,2017-01-25-11-26-41AM,323.0
630,1485314801487,2017-01-25-11-26-41AM,315.0
631,1485314801666,2017-01-25-11-26-41AM,302.0
632,1485314801848,2017-01-25-11-26-41AM,298.0
633,1485314802028,2017-01-25-11-26-42AM,263.0
634,1485314802208,2017-01-25-11-26-42AM,210.0
635,1485314802388,2017-01-25-11-26-42AM,177.0
636,1485314802569,2017-01-25-11-26-42AM,178.0
637,1485314802750,2017-01-25-11-26-42AM,167.0
638,1485314802928,2017-01-25-11-26-42AM,176.0
639,1485314803109,2017-01-25-11-26-43AM,145.0
640,1485314803290,2017-01-25-11-26-43AM,115.0
641,1485314803468,2017-01-25-11-26-43AM,140.0
642,1485314803649,2017-01-25-11-26-43AM,174.0
643,1485314803831,2017-01-25-11-26-43AM,134.0
644,1485314804010,2017-01-25-11-26-44AM,152.0
645,1485314804192,2017-01-25-11-26-44AM,238.0
646,1485314804371,2017-01-25-11-26-44AM,174.0
647,1485314804549,2017-01-25-11-26-44AM,178.0
648,1485314804730,2017-01-25-11-26-44AM,185.0
649,1485314804912,2017-01-25-11-26-44AM,161.0
650,1485314805090,2017-01-25-11-26-45AM,156.0
651,1485314805272,2017-01-25-11-26-45AM,128.0
652,1485314805452,2017-01-25-11-26-45AM,120.0
653,1485314805632,2017-01-25-11-26-45AM,143.0
654,1485314805813,2017-01-25-11-26-45AM,139.0
655,1485314805992,2017-01-25-11-26-45AM,128.0
656,1485314806174,2017-01-25-11-26-46AM,121.0
657,1485314806351,2017-01-25-11-26-46AM,76.0
658,1485314806533,2017-01-25-11-26-46AM,92.0
659,1485314806713,2017-01-25-11-26-46AM,184.0
660,1485314806893,2017-01-25-11-26-46AM,200.0
661,1485314807073,2017-01-25-11-26-47AM,119.0
662,1485314807252,2017-01-25-11-26-47AM,91.0
663,1485314807434,2017-01-25-11-26-47AM,73.0
664,1485314807614,2017-01-25-11-26-47AM,91.0
665,1485314807794,2017-01-25-11-26-47AM,95.0
666,1485314807975,2017-01-25-11-26-47AM,100.0
667,1485314808152,2017-01-25-11-26-48AM,127.0
668,1485314808334,2017-01-25-11-26-48AM,73.0
669,1485314808513,2017-01-25-11-26-48AM,56.0
670,1485314808696,2017-01-25-11-26-48AM,60.0
671,1485314808875,2017-01-25-11-26-48AM,74.0
672,1485314809055,2017-01-25-11-26-49AM,125.0
673,1485314809233,2017-01-25-11-26-49AM,130.0
674,1485314809415,2017-01-25-11-26-49AM,103.0
675,1485314809597,2017-01-25-11-26-49AM,96.0
676,1485314809776,2017-01-25-11-26-49AM,106.0
677,1485314809956,2017-01-25-11-26-49AM,132.0
678,1485314810134,2017-01-25-11-26-50AM,157.0
679,1485314810316,2017-01-25-11-26-50AM,138.0
680,1485314810497,2017-01-25-11-26-50AM,107.0
681,1485314810677,2017-01-25-11-26-50AM,147.0
682,1485314810857,2017-01-25-11-26-50AM,90.0
683,1485314811037,2017-01-25-11-26-51AM,81.0
684,1485314811217,2017-01-25-11-26-51AM,96.0
685,1485314811396,2017-01-25-11-26-51AM,117.0
686,1485314811578,2017-01-25-11-26-51AM,122.0
687,1485314811759,2017-01-25-11-26-51AM,83.0
688,1485314811937,2017-01-25-11-26-51AM,115.0
689,1485314812119,2017-01-25-11-26-52AM,319.0
690,1485314812297,2017-01-25-11-26-52AM,623.0
691,1485314812478,2017-01-25-11-26-52AM,776.0
692,1485314812658,2017-01-25-11-26-52AM,768.0
693,1485314812840,2017-01-25-11-26-52AM,701.0
694,1485314813019,2017-01-25-11-26-53AM,581.0
695,1485314813198,2017-01-25-11-26-53AM,487.0
696,1485314813378,2017-01-25-11-26-53AM,361.0
697,1485314813559,2017-01-25-11-26-53AM,188.0
698,1485314813737,2017-01-25-11-26-53AM,194.0
699,1485314813919,2017-01-25-11-26-53AM,234.0
700,1485314814100,2017-01-25-11-26-54AM,481.0
701,1485314814280,2017-01-25-11-26-54AM,620.0
702,1485314814460,2017-01-25-11-26-54AM,557.0
703,1485314814642,2017-01-25-11-26-54AM,488.0
704,1485314814822,2017-01-25-11-26-54AM,382.0
705,1485314815002,2017-01-25-11-26-55AM,60.0
706,1485314815180,2017-01-25-11-26-55AM,64.0
707,1485314815362,2017-01-25-11-26-55AM,82.0
708,1485314815541,2017-01-25-11-26-55AM,92.0
709,1485314815719,2017-01-25-11-26-55AM,194.0
710,1485314815899,2017-01-25-11-26-55AM,177.0
711,1485314816082,2017-01-25-11-26-56AM,31.0
712,1485314816262,2017-01-25-11-26-56AM,37.0
713,1485314816442,2017-01-25-11-26-56AM,42.0
714,1485314816622,2017-01-25-11-26-56AM,40.0
715,1485314816829,2017-01-25-11-26-56AM,38.0
716,1485314816982,2017-01-25-11-26-56AM,37.0
717,1485314817159,2017-01-25-11-26-57AM,37.0
718,1485314817344,2017-01-25-11-26-57AM,35.0
719,1485314817523,2017-01-25-11-26-57AM,33.0
720,1485314817702,2017-01-25-11-26-57AM,73.0
721,1485314817883,2017-01-25-11-26-57AM,70.0
722,1485314818063,2017-01-25-11-26-58AM,83.0
723,1485314818244,2017-01-25-11-26-58AM,138.0
724,1485314818424,2017-01-25-11-26-58AM,216.0
725,1485314818606,2017-01-25-11-26-58AM,122.0
726,1485314818786,2017-01-25-11-26-58AM,134.0
727,1485314818964,2017-01-25-11-26-58AM,193.0
728,1485314819144,2017-01-25-11-26-59AM,242.0
729,1485314819325,2017-01-25-11-26-59AM,264.0
730,1485314819505,2017-01-25-11-26-59AM,287.0
731,1485314819687,2017-01-25-11-26-59AM,299.0
732,1485314819866,2017-01-25-11-26-59AM,310.0
733,1485314820043,2017-01-25-11-27-00AM,329.0
734,1485314820223,2017-01-25-11-27-00AM,330.0
735,1485314820403,2017-01-25-11-27-00AM,356.0
736,1485314820584,2017-01-25-11-27-00AM,265.0
737,1485314820768,2017-01-25-11-27-00AM,189.0
738,1485314820947,2017-01-25-11-27-00AM,173.0
739,1485314821126,2017-01-25-11-27-01AM,168.0
740,1485314821305,2017-01-25-11-27-01AM,244.0
741,1485314821487,2017-01-25-11-27-01AM,282.0
742,1485314821665,2017-01-25-11-27-01AM,270.0
743,1485314821848,2017-01-25-11-27-01AM,325.0
744,1485314822026,2017-01-25-11-27-02AM,388.0
745,1485314822205,2017-01-25-11-27-02AM,447.0
746,1485314822388,2017-01-25-11-27-02AM,606.0
747,1485314822568,2017-01-25-11-27-02AM,733.0
748,1485314822748,2017-01-25-11-27-02AM,814.0
749,1485314822928,2017-01-25-11-27-02AM,859.0
750,1485314823107,2017-01-25-11-27-03AM,887.0
751,1485314823289,2017-01-25-11-27-03AM,914.0
752,1485314823469,2017-01-25-11-27-03AM,959.0
753,1485314823652,2017-01-25-11-27-03AM,968.0
754,1485314823829,2017-01-25-11-27-03AM,972.0
755,1485314824010,2017-01-25-11-27-04AM,971.0
756,1485314824189,2017-01-25-11-27-04AM,967.0
757,1485314824370,2017-01-25-11-27-04AM,977.0
758,1485314824550,2017-01-25-11-27-04AM,996.0
759,1485314824732,2017-01-25-11-27-04AM,978.0
760,1485314824911,2017-01-25-11-27-04AM,895.0
761,1485314825089,2017-01-25-11-27-05AM,783.0
762,1485314825273,2017-01-25-11-27-05AM,667.0
763,1485314825451,2017-01-25-11-27-05AM,559.0
764,1485314825630,2017-01-25-11-27-05AM,545.0
765,1485314825810,2017-01-25-11-27-05AM,554.0
766,1485314825992,2017-01-25-11-27-05AM,502.0
767,1485314826171,2017-01-25-11-27-06AM,548.0
768,1485314826351,2017-01-25-11-27-06AM,521.0
769,1485314826532,2017-01-25-11-27-06AM,572.0
770,1485314826711,2017-01-25-11-27-06AM,678.0
771,1485314826894,2017-01-25-11-27-06AM,750.0
772,1485314827069,2017-01-25-11-27-07AM,824.0
773,1485314827252,2017-01-25-11-27-07AM,777.0
774,1485314827433,2017-01-25-11-27-07AM,729.0
775,1485314827612,2017-01-25-11-27-07AM,744.0
776,1485314827793,2017-01-25-11-27-07AM,725.0
777,1485314827973,2017-01-25-11-27-07AM,773.0
778,1485314828152,2017-01-25-11-27-08AM,784.0
779,1485314828334,2017-01-25-11-27-08AM,758.0
780,1485314828513,2017-01-25-11-27-08AM,742.0
781,1485314828692,2017-01-25-11-27-08AM,760.0
782,1485314828876,2017-01-25-11-27-08AM,755.0
783,1485314829061,2017-01-25-11-27-09AM,788.0
784,1485314829233,2017-01-25-11-27-09AM,808.0
785,1485314829416,2017-01-25-11-27-09AM,756.0
786,1485314829596,2017-01-25-11-27-09AM,755.0
787,1485314829776,2017-01-25-11-27-09AM,937.0
788,1485314829954,2017-01-25-11-27-09AM,1076.0
789,1485314830136,2017-01-25-11-27-10AM,1936.0
790,1485314830315,2017-01-25-11-27-10AM,1786.0
791,1485314830495,2017-01-25-11-27-10AM,1796.0
792,1485314830675,2017-01-25-11-27-10AM,1691.0
793,1485314830856,2017-01-25-11-27-10AM,2143.0
794,1485314831036,2017-01-25-11-27-11AM,2185.0
795,1485314831216,2017-01-25-11-27-11AM,956.0
796,1485314831396,2017-01-25-11-27-11AM,793.0
797,1485314831577,2017-01-25-11-27-11AM,676.0
798,1485314831755,2017-01-25-11-27-11AM,592.0
799,1485314831936,2017-01-25-11-27-11AM,594.0
800,1485314832118,2017-01-25-11-27-12AM,587.0
801,1485314832300,2017-01-25-11-27-12AM,574.0
802,1485314832478,2017-01-25-11-27-12AM,665.0
803,1485314832658,2017-01-25-11-27-12AM,690.0
804,1485314832837,2017-01-25-11-27-12AM,552.0
805,1485314833017,2017-01-25-11-27-13AM,474.0
806,1485314833198,2017-01-25-11-27-13AM,424.0
807,1485314833379,2017-01-25-11-27-13AM,416.0
808,1485314833559,2017-01-25-11-27-13AM,460.0
809,1485314833736,2017-01-25-11-27-13AM,453.0
810,1485314833918,2017-01-25-11-27-13AM,504.0
811,1485314834100,2017-01-25-11-27-14AM,655.0
812,1485314834280,2017-01-25-11-27-14AM,715.0
813,1485314834459,2017-01-25-11-27-14AM,729.0
814,1485314834640,2017-01-25-11-27-14AM,834.0
815,1485314834819,2017-01-25-11-27-14AM,864.0
816,1485314834999,2017-01-25-11-27-14AM,789.0
817,1485314835180,2017-01-25-11-27-15AM,704.0
818,1485314835362,2017-01-25-11-27-15AM,624.0
819,1485314835541,2017-01-25-11-27-15AM,463.0
820,1485314835722,2017-01-25-11-27-15AM,530.0
821,1485314835902,2017-01-25-11-27-15AM,540.0
822,1485314836079,2017-01-25-11-27-16AM,524.0
823,1485314836261,2017-01-25-11-27-16AM,522.0
824,1485314836442,2017-01-25-11-27-16AM,519.0
825,1485314836622,2017-01-25-11-27-16AM,526.0
826,1485314836802,2017-01-25-11-27-16AM,493.0
827,1485314836982,2017-01-25-11-27-16AM,492.0
828,1485314837162,2017-01-25-11-27-17AM,446.0
829,1485314837340,2017-01-25-11-27-17AM,436.0
830,1485314837523,2017-01-25-11-27-17AM,446.0
831,1485314837702,2017-01-25-11-27-17AM,392.0
832,1485314837883,2017-01-25-11-27-17AM,377.0
833,1485314838063,2017-01-25-11-27-18AM,371.0
834,1485314838245,2017-01-25-11-27-18AM,308.0
835,1485314838423,2017-01-25-11-27-18AM,295.0
836,1485314838604,2017-01-25-11-27-18AM,272.0
837,1485314838785,2017-01-25-11-27-18AM,220.0
838,1485314838964,2017-01-25-11-27-18AM,218.0
839,1485314839144,2017-01-25-11-27-19AM,198.0
840,1485314839325,2017-01-25-11-27-19AM,133.0
841,1485314839505,2017-01-25-11-27-19AM,125.0
842,1485314839685,2017-01-25-11-27-19AM,134.0
843,1485314839867,2017-01-25-11-27-19AM,113.0
844,1485314840046,2017-01-25-11-27-20AM,109.0
845,1485314840223,2017-01-25-11-27-20AM,167.0
846,1485314840405,2017-01-25-11-27-20AM,175.0
847,1485314840584,2017-01-25-11-27-20AM,204.0
848,1485314840766,2017-01-25-11-27-20AM,235.0
849,1485314840948,2017-01-25-11-27-20AM,245.0
850,1485314841125,2017-01-25-11-27-21AM,258.0
851,1485314841307,2017-01-25-11-27-21AM,311.0
852,1485314841486,2017-01-25-11-27-21AM,371.0
853,1485314841666,2017-01-25-11-27-21AM,422.0
854,1485314841844,2017-01-25-11-27-21AM,481.0
855,1485314842027,2017-01-25-11-27-22AM,510.0
856,1485314842207,2017-01-25-11-27-22AM,538.0
857,1485314842389,2017-01-25-11-27-22AM,536.0
858,1485314842567,2017-01-25-11-27-22AM,555.0
859,1485314842749,2017-01-25-11-27-22AM,587.0
860,1485314842929,2017-01-25-11-27-22AM,618.0
861,1485314843109,2017-01-25-11-27-23AM,570.0
862,1485314843287,2017-01-25-11-27-23AM,538.0
863,1485314843468,2017-01-25-11-27-23AM,533.0
864,1485314843648,2017-01-25-11-27-23AM,553.0
865,1485314843828,2017-01-25-11-27-23AM,605.0
866,1485314844008,2017-01-25-11-27-24AM,636.0
867,1485314844189,2017-01-25-11-27-24AM,486.0
868,1485314844372,2017-01-25-11-27-24AM,447.0
869,1485314844550,2017-01-25-11-27-24AM,519.0
870,1485314844730,2017-01-25-11-27-24AM,258.0
871,1485314844910,2017-01-25-11-27-24AM,105.0
872,1485314845090,2017-01-25-11-27-25AM,135.0
873,1485314845269,2017-01-25-11-27-25AM,97.0
874,1485314845448,2017-01-25-11-27-25AM,114.0
875,1485314845632,2017-01-25-11-27-25AM,202.0
876,1485314845810,2017-01-25-11-27-25AM,258.0
877,1485314845991,2017-01-25-11-27-25AM,238.0
878,1485314846168,2017-01-25-11-27-26AM,150.0
879,1485314846351,2017-01-25-11-27-26AM,180.0
880,1485314846530,2017-01-25-11-27-26AM,126.0
881,1485314846712,2017-01-25-11-27-26AM,97.0
882,1485314846918,2017-01-25-11-27-26AM,109.0
883,1485314847072,2017-01-25-11-27-27AM,133.0
884,1485314847252,2017-01-25-11-27-27AM,145.0
885,1485314847432,2017-01-25-11-27-27AM,138.0
886,1485314847613,2017-01-25-11-27-27AM,122.0
887,1485314847792,2017-01-25-11-27-27AM,65.0
888,1485314847972,2017-01-25-11-27-27AM,37.0
889,1485314848154,2017-01-25-11-27-28AM,38.0
890,1485314848333,2017-01-25-11-27-28AM,121.0
891,1485314848513,2017-01-25-11-27-28AM,162.0
892,1485314848695,2017-01-25-11-27-28AM,236.0
893,1485314848876,2017-01-25-11-27-28AM,294.0
894,1485314849054,2017-01-25-11-27-29AM,250.0
895,1485314849234,2017-01-25-11-27-29AM,108.0
896,1485314849414,2017-01-25-11-27-29AM,54.0
897,1485314849594,2017-01-25-11-27-29AM,44.0
898,1485314849773,2017-01-25-11-27-29AM,52.0
899,1485314849954,2017-01-25-11-27-29AM,31.0
900,1485314850134,2017-01-25-11-27-30AM,29.0
901,1485314850315,2017-01-25-11-27-30AM,27.0
902,1485314850494,2017-01-25-11-27-30AM,29.0
903,1485314850676,2017-01-25-11-27-30AM,30.0
904,1485314850855,2017-01-25-11-27-30AM,31.0
905,1485314851036,2017-01-25-11-27-31AM,31.0
906,1485314851215,2017-01-25-11-27-31AM,37.0
907,1485314851396,2017-01-25-11-27-31AM,45.0
908,1485314851576,2017-01-25-11-27-31AM,49.0
909,1485314851755,2017-01-25-11-27-31AM,48.0
910,1485314851938,2017-01-25-11-27-31AM,47.0
911,1485314852117,2017-01-25-11-27-32AM,42.0
912,1485314852299,2017-01-25-11-27-32AM,45.0
913,1485314852477,2017-01-25-11-27-32AM,45.0
914,1485314852656,2017-01-25-11-27-32AM,37.0
915,1485314852837,2017-01-25-11-27-32AM,39.0
916,1485314853018,2017-01-25-11-27-33AM,37.0
917,1485314853197,2017-01-25-11-27-33AM,36.0
918,1485314853379,2017-01-25-11-27-33AM,36.0
919,1485314853558,2017-01-25-11-27-33AM,39.0
920,1485314853738,2017-01-25-11-27-33AM,38.0
921,1485314853917,2017-01-25-11-27-33AM,47.0
922,1485314854098,2017-01-25-11-27-34AM,47.0
923,1485314854279,2017-01-25-11-27-34AM,46.0
924,1485314854462,2017-01-25-11-27-34AM,51.0
925,1485314854640,2017-01-25-11-27-34AM,51.0
926,1485314854820,2017-01-25-11-27-34AM,46.0
927,1485314855000,2017-01-25-11-27-35AM,42.0
928,1485314855179,2017-01-25-11-27-35AM,39.0
929,1485314855362,2017-01-25-11-27-35AM,30.0
930,1485314855541,2017-01-25-11-27-35AM,55.0
931,1485314855722,2017-01-25-11-27-35AM,78.0
932,1485314855899,2017-01-25-11-27-35AM,107.0
933,1485314856080,2017-01-25-11-27-36AM,218.0
934,1485314856260,2017-01-25-11-27-36AM,201.0
935,1485314856442,2017-01-25-11-27-36AM,200.0
936,1485314856622,2017-01-25-11-27-36AM,290.0
937,1485314856802,2017-01-25-11-27-36AM,305.0
938,1485314856982,2017-01-25-11-27-36AM,349.0
939,1485314857162,2017-01-25-11-27-37AM,312.0
940,1485314857342,2017-01-25-11-27-37AM,349.0
941,1485314857521,2017-01-25-11-27-37AM,384.0
942,1485314857704,2017-01-25-11-27-37AM,408.0
943,1485314857884,2017-01-25-11-27-37AM,488.0
944,1485314858064,2017-01-25-11-27-38AM,499.0
945,1485314858243,2017-01-25-11-27-38AM,572.0
946,1485314858421,2017-01-25-11-27-38AM,674.0
947,1485314858603,2017-01-25-11-27-38AM,702.0
948,1485314858783,2017-01-25-11-27-38AM,752.0
949,1485314858964,2017-01-25-11-27-38AM,603.0
950,1485314859141,2017-01-25-11-27-39AM,592.0
951,1485314859325,2017-01-25-11-27-39AM,761.0
952,1485314859503,2017-01-25-11-27-39AM,1017.0
953,1485314859682,2017-01-25-11-27-39AM,1136.0
954,1485314859862,2017-01-25-11-27-39AM,1502.0
955,1485314860045,2017-01-25-11-27-40AM,2567.0
956,1485314860224,2017-01-25-11-27-40AM,2770.0
957,1485314860406,2017-01-25-11-27-40AM,4172.0
958,1485314860585,2017-01-25-11-27-40AM,5095.0
959,1485314860764,2017-01-25-11-27-40AM,5064.0
960,1485314860945,2017-01-25-11-27-40AM,5049.0
961,1485314861127,2017-01-25-11-27-41AM,4908.0
962,1485314861306,2017-01-25-11-27-41AM,4353.0
963,1485314861487,2017-01-25-11-27-41AM,3304.0
964,1485314861665,2017-01-25-11-27-41AM,1294.0
965,1485314861846,2017-01-25-11-27-41AM,436.0
966,1485314862025,2017-01-25-11-27-42AM,250.0
967,1485314862207,2017-01-25-11-27-42AM,191.0
968,1485314862386,2017-01-25-11-27-42AM,141.0
969,1485314862566,2017-01-25-11-27-42AM,71.0
970,1485314862747,2017-01-25-11-27-42AM,26.0
971,1485314862926,2017-01-25-11-27-42AM,19.0
972,1485314863107,2017-01-25-11-27-43AM,17.0
973,1485314863287,2017-01-25-11-27-43AM,18.0
974,1485314863465,2017-01-25-11-27-43AM,20.0
975,1485314863649,2017-01-25-11-27-43AM,19.0
976,1485314863830,2017-01-25-11-27-43AM,22.0
977,1485314864008,2017-01-25-11-27-44AM,26.0
978,1485314864188,2017-01-25-11-27-44AM,42.0
979,1485314864368,2017-01-25-11-27-44AM,73.0
980,1485314864546,2017-01-25-11-27-44AM,163.0
981,1485314864729,2017-01-25-11-27-44AM,288.0
982,1485314864910,2017-01-25-11-27-44AM,455.0
983,1485314865090,2017-01-25-11-27-45AM,502.0
984,1485314865272,2017-01-25-11-27-45AM,430.0
985,1485314865451,2017-01-25-11-27-45AM,508.0
986,1485314865630,2017-01-25-11-27-45AM,560.0
987,1485314865811,2017-01-25-11-27-45AM,517.0
988,1485314865992,2017-01-25-11-27-45AM,466.0
989,1485314866170,2017-01-25-11-27-46AM,418.0
990,1485314866348,2017-01-25-11-27-46AM,403.0
991,1485314866528,2017-01-25-11-27-46AM,468.0
992,1485314866712,2017-01-25-11-27-46AM,501.0
993,1485314866891,2017-01-25-11-27-46AM,496.0
994,1485314867072,2017-01-25-11-27-47AM,414.0
995,1485314867252,2017-01-25-11-27-47AM,345.0
996,1485314867429,2017-01-25-11-27-47AM,380.0
997,1485314867611,2017-01-25-11-27-47AM,464.0
998,1485314867790,2017-01-25-11-27-47AM,536.0
999,1485314867973,2017-01-25-11-27-47AM,526.0
1000,1485314868152,2017-01-25-11-27-48AM,478.0
1001,1485314868332,2017-01-25-11-27-48AM,410.0
1002,1485314868512,2017-01-25-11-27-48AM,380.0
1003,1485314868694,2017-01-25-11-27-48AM,391.0
1004,1485314868873,2017-01-25-11-27-48AM,456.0
1005,1485314869053,2017-01-25-11-27-49AM,504.0
1006,1485314869234,2017-01-25-11-27-49AM,524.0
1007,1485314869414,2017-01-25-11-27-49AM,471.0
1008,1485314869596,2017-01-25-11-27-49AM,468.0
1009,1485314869774,2017-01-25-11-27-49AM,472.0
1010,1485314869956,2017-01-25-11-27-49AM,520.0
1011,1485314870135,2017-01-25-11-27-50AM,532.0
1012,1485314870314,2017-01-25-11-27-50AM,476.0
1013,1485314870496,2017-01-25-11-27-50AM,536.0
1014,1485314870674,2017-01-25-11-27-50AM,545.0
1015,1485314870853,2017-01-25-11-27-50AM,611.0
1016,1485314871037,2017-01-25-11-27-51AM,636.0
1017,1485314871215,2017-01-25-11-27-51AM,627.0
1018,1485314871396,2017-01-25-11-27-51AM,576.0
1019,1485314871577,2017-01-25-11-27-51AM,545.0
1020,1485314871755,2017-01-25-11-27-51AM,639.0
1021,1485314871934,2017-01-25-11-27-51AM,696.0
1022,1485314872116,2017-01-25-11-27-52AM,653.0
1023,1485314872296,2017-01-25-11-27-52AM,626.0
1024,1485314872474,2017-01-25-11-27-52AM,534.0
1025,1485314872658,2017-01-25-11-27-52AM,521.0
1026,1485314872836,2017-01-25-11-27-52AM,613.0
1027,1485314873016,2017-01-25-11-27-53AM,642.0
1028,1485314873196,2017-01-25-11-27-53AM,607.0
1029,1485314873376,2017-01-25-11-27-53AM,601.0
1030,1485314873559,2017-01-25-11-27-53AM,510.0
1031,1485314873738,2017-01-25-11-27-53AM,522.0
1032,1485314873917,2017-01-25-11-27-53AM,571.0
1033,1485314874098,2017-01-25-11-27-54AM,535.0
1034,1485314874278,2017-01-25-11-27-54AM,557.0
1035,1485314874458,2017-01-25-11-27-54AM,566.0
1036,1485314874642,2017-01-25-11-27-54AM,529.0
1037,1485314874819,2017-01-25-11-27-54AM,525.0
1038,1485314874999,2017-01-25-11-27-54AM,546.0
1039,1485314875180,2017-01-25-11-27-55AM,523.0
1040,1485314875361,2017-01-25-11-27-55AM,535.0
1041,1485314875540,2017-01-25-11-27-55AM,499.0
1042,1485314875720,2017-01-25-11-27-55AM,445.0
1043,1485314875899,2017-01-25-11-27-55AM,467.0
1044,1485314876081,2017-01-25-11-27-56AM,477.0
1045,1485314876260,2017-01-25-11-27-56AM,461.0
1046,1485314876439,2017-01-25-11-27-56AM,468.0
1047,1485314876620,2017-01-25-11-27-56AM,468.0
1048,1485314876802,2017-01-25-11-27-56AM,436.0
1049,1485314877006,2017-01-25-11-27-57AM,474.0
1050,1485314877162,2017-01-25-11-27-57AM,465.0
1051,1485314877340,2017-01-25-11-27-57AM,451.0
1052,1485314877520,2017-01-25-11-27-57AM,471.0
1053,1485314877701,2017-01-25-11-27-57AM,399.0
1054,1485314877882,2017-01-25-11-27-57AM,387.0
1055,1485314878061,2017-01-25-11-27-58AM,416.0
1056,1485314878242,2017-01-25-11-27-58AM,384.0
1057,1485314878423,2017-01-25-11-27-58AM,397.0
1058,1485314878603,2017-01-25-11-27-58AM,381.0
1059,1485314878783,2017-01-25-11-27-58AM,421.0
1060,1485314878963,2017-01-25-11-27-58AM,463.0
1061,1485314879145,2017-01-25-11-27-59AM,474.0
1062,1485314879322,2017-01-25-11-27-59AM,515.0
1063,1485314879503,2017-01-25-11-27-59AM,503.0
1064,1485314879683,2017-01-25-11-27-59AM,504.0
1065,1485314879862,2017-01-25-11-27-59AM,525.0
1066,1485314880044,2017-01-25-11-28-00AM,610.0
1067,1485314880221,2017-01-25-11-28-00AM,734.0
1068,1485314880402,2017-01-25-11-28-00AM,809.0
1069,1485314880584,2017-01-25-11-28-00AM,812.0
1070,1485314880765,2017-01-25-11-28-00AM,835.0
1071,1485314880945,2017-01-25-11-28-00AM,939.0
1072,1485314881124,2017-01-25-11-28-01AM,972.0
1073,1485314881306,2017-01-25-11-28-01AM,1164.0
1074,1485314881484,2017-01-25-11-28-01AM,1302.0
1075,1485314881666,2017-01-25-11-28-01AM,1263.0
1076,1485314881846,2017-01-25-11-28-01AM,1244.0
1077,1485314882026,2017-01-25-11-28-02AM,1325.0
1078,1485314882205,2017-01-25-11-28-02AM,1361.0
1079,1485314882385,2017-01-25-11-28-02AM,1542.0
1080,1485314882568,2017-01-25-11-28-02AM,1652.0
1081,1485314882748,2017-01-25-11-28-02AM,1746.0
1082,1485314882927,2017-01-25-11-28-02AM,1870.0
1083,1485314883107,2017-01-25-11-28-03AM,2611.0
1084,1485314883287,2017-01-25-11-28-03AM,3725.0
1085,1485314883467,2017-01-25-11-28-03AM,4586.0
1086,1485314883647,2017-01-25-11-28-03AM,5842.0
1087,1485314883828,2017-01-25-11-28-03AM,6517.0
1088,1485314884009,2017-01-25-11-28-04AM,7224.0
1089,1485314884188,2017-01-25-11-28-04AM,8494.0
1090,1485314884367,2017-01-25-11-28-04AM,8596.0
1091,1485314884549,2017-01-25-11-28-04AM,8560.0
1092,1485314884729,2017-01-25-11-28-04AM,9470.0
1093,1485314884908,2017-01-25-11-28-04AM,9709.0
1094,1485314885086,2017-01-25-11-28-05AM,10017.0
1095,1485314885270,2017-01-25-11-28-05AM,10471.0
1096,1485314885449,2017-01-25-11-28-05AM,10839.0
1097,1485314885630,2017-01-25-11-28-05AM,11196.0
1098,1485314885807,2017-01-25-11-28-05AM,11510.0
1099,1485314885990,2017-01-25-11-28-05AM,11611.0
1100,1485314886170,2017-01-25-11-28-06AM,11554.0
1101,1485314886350,2017-01-25-11-28-06AM,11690.0
1102,1485314886528,2017-01-25-11-28-06AM,11960.0
1103,1485314886711,2017-01-25-11-28-06AM,12046.0
1104,1485314886892,2017-01-25-11-28-06AM,12776.0
1105,1485314887073,2017-01-25-11-28-07AM,12897.0
1106,1485314887252,2017-01-25-11-28-07AM,12417.0
1107,1485314887434,2017-01-25-11-28-07AM,11923.0
1108,1485314887611,2017-01-25-11-28-07AM,12589.0
1109,1485314887792,2017-01-25-11-28-07AM,12950.0
1110,1485314887973,2017-01-25-11-28-07AM,13446.0
1111,1485314888152,2017-01-25-11-28-08AM,14009.0
1112,1485314888332,2017-01-25-11-28-08AM,13483.0
1113,1485314888510,2017-01-25-11-28-08AM,13082.0
1114,1485314888692,2017-01-25-11-28-08AM,13431.0
1115,1485314888873,2017-01-25-11-28-08AM,13355.0
1116,1485314889053,2017-01-25-11-28-09AM,13051.0
1117,1485314889234,2017-01-25-11-28-09AM,12540.0
1118,1485314889414,2017-01-25-11-28-09AM,11770.0
1119,1485314889593,2017-01-25-11-28-09AM,11640.0
1120,1485314889773,2017-01-25-11-28-09AM,11563.0
1121,1485314889952,2017-01-25-11-28-09AM,11202.0
1122,1485314890135,2017-01-25-11-28-10AM,10665.0
1123,1485314890314,2017-01-25-11-28-10AM,10165.0
1124,1485314890495,2017-01-25-11-28-10AM,9554.0
1125,1485314890675,2017-01-25-11-28-10AM,8857.0
1126,1485314890855,2017-01-25-11-28-10AM,8342.0
1127,1485314891034,2017-01-25-11-28-11AM,7724.0
1128,1485314891215,2017-01-25-11-28-11AM,7010.0
1129,1485314891395,2017-01-25-11-28-11AM,6028.0
1130,1485314891575,2017-01-25-11-28-11AM,4889.0
1131,1485314891782,2017-01-25-11-28-11AM,4473.0
1132,1485314891932,2017-01-25-11-28-11AM,3793.0
1133,1485314892116,2017-01-25-11-28-12AM,3077.0
1134,1485314892296,2017-01-25-11-28-12AM,2832.0
1135,1485314892476,2017-01-25-11-28-12AM,2942.0
1136,1485314892658,2017-01-25-11-28-12AM,4021.0
1137,1485314892838,2017-01-25-11-28-12AM,4307.0
1138,1485314893017,2017-01-25-11-28-13AM,4539.0
1139,1485314893195,2017-01-25-11-28-13AM,4724.0
1140,1485314893377,2017-01-25-11-28-13AM,4927.0
1141,1485314893557,2017-01-25-11-28-13AM,4923.0
1142,1485314893738,2017-01-25-11-28-13AM,5169.0
1143,1485314893918,2017-01-25-11-28-13AM,5326.0
1144,1485314894099,2017-01-25-11-28-14AM,5965.0
1145,1485314894278,2017-01-25-11-28-14AM,6158.0
1146,1485314894458,2017-01-25-11-28-14AM,6568.0
1147,1485314894638,2017-01-25-11-28-14AM,6552.0
1148,1485314894818,2017-01-25-11-28-14AM,6270.0
1149,1485314894999,2017-01-25-11-28-14AM,6033.0
1150,1485314895180,2017-01-25-11-28-15AM,5967.0
1151,1485314895359,2017-01-25-11-28-15AM,5646.0
1152,1485314895538,2017-01-25-11-28-15AM,5275.0
1153,1485314895719,2017-01-25-11-28-15AM,4873.0
1154,1485314895900,2017-01-25-11-28-15AM,4677.0
1155,1485314896080,2017-01-25-11-28-16AM,4328.0
1156,1485314896261,2017-01-25-11-28-16AM,4146.0
1157,1485314896442,2017-01-25-11-28-16AM,3771.0
1158,1485314896619,2017-01-25-11-28-16AM,3566.0
1159,1485314896801,2017-01-25-11-28-16AM,2836.0
1160,1485314896979,2017-01-25-11-28-16AM,2404.0
1161,1485314897162,2017-01-25-11-28-17AM,2052.0
1162,1485314897341,2017-01-25-11-28-17AM,1794.0
1163,1485314897518,2017-01-25-11-28-17AM,1664.0
1164,1485314897701,2017-01-25-11-28-17AM,1539.0
1165,1485314897881,2017-01-25-11-28-17AM,1484.0
1166,1485314898063,2017-01-25-11-28-18AM,1490.0
1167,1485314898243,2017-01-25-11-28-18AM,1582.0
1168,1485314898422,2017-01-25-11-28-18AM,1728.0
1169,1485314898603,2017-01-25-11-28-18AM,1851.0
1170,1485314898782,2017-01-25-11-28-18AM,1813.0
1171,1485314898962,2017-01-25-11-28-18AM,1411.0
1172,1485314899143,2017-01-25-11-28-19AM,1554.0
1173,1485314899324,2017-01-25-11-28-19AM,1872.0
1174,1485314899504,2017-01-25-11-28-19AM,2558.0
1175,1485314899684,2017-01-25-11-28-19AM,3325.0
1176,1485314899864,2017-01-25-11-28-19AM,3573.0
1177,1485314900044,2017-01-25-11-28-20AM,3680.0
1178,1485314900221,2017-01-25-11-28-20AM,3581.0
1179,1485314900403,2017-01-25-11-28-20AM,3881.0
1180,1485314900585,2017-01-25-11-28-20AM,4397.0
1181,1485314900763,2017-01-25-11-28-20AM,4566.0
1182,1485314900945,2017-01-25-11-28-20AM,5080.0
1183,1485314901125,2017-01-25-11-28-21AM,6727.0
1184,1485314901303,2017-01-25-11-28-21AM,7064.0
1185,1485314901483,2017-01-25-11-28-21AM,7262.0
1186,1485314901665,2017-01-25-11-28-21AM,7657.0
1187,1485314901843,2017-01-25-11-28-21AM,7846.0
1188,1485314902025,2017-01-25-11-28-22AM,7541.0
1189,1485314902205,2017-01-25-11-28-22AM,7547.0
1190,1485314902386,2017-01-25-11-28-22AM,6685.0
1191,1485314902566,2017-01-25-11-28-22AM,3342.0
1192,1485314902744,2017-01-25-11-28-22AM,1437.0
1193,1485314902926,2017-01-25-11-28-22AM,2818.0
1194,1485314903108,2017-01-25-11-28-23AM,4901.0
1195,1485314903286,2017-01-25-11-28-23AM,4799.0
1196,1485314903465,2017-01-25-11-28-23AM,4922.0
1197,1485314903646,2017-01-25-11-28-23AM,3300.0
1198,1485314903825,2017-01-25-11-28-23AM,3534.0
1199,1485314904008,2017-01-25-11-28-24AM,4928.0
1200,1485314904188,2017-01-25-11-28-24AM,5054.0
1201,1485314904369,2017-01-25-11-28-24AM,4755.0
1202,1485314904548,2017-01-25-11-28-24AM,4889.0
1203,1485314904728,2017-01-25-11-28-24AM,4538.0
1204,1485314904910,2017-01-25-11-28-24AM,5182.0
1205,1485314905088,2017-01-25-11-28-25AM,6070.0
1206,1485314905268,2017-01-25-11-28-25AM,5999.0
1207,1485314905448,2017-01-25-11-28-25AM,6537.0
1208,1485314905629,2017-01-25-11-28-25AM,5598.0
1209,1485314905810,2017-01-25-11-28-25AM,5388.0
1210,1485314905992,2017-01-25-11-28-25AM,7689.0
1211,1485314906172,2017-01-25-11-28-26AM,9480.0
1212,1485314906349,2017-01-25-11-28-26AM,9816.0
1213,1485314906530,2017-01-25-11-28-26AM,9939.0
1214,1485314906708,2017-01-25-11-28-26AM,9747.0
1215,1485314906889,2017-01-25-11-28-26AM,8801.0
1216,1485314907096,2017-01-25-11-28-27AM,8833.0
1217,1485314907252,2017-01-25-11-28-27AM,8563.0
1218,1485314907432,2017-01-25-11-28-27AM,8375.0
1219,1485314907612,2017-01-25-11-28-27AM,8341.0
1220,1485314907792,2017-01-25-11-28-27AM,7107.0
1221,1485314907970,2017-01-25-11-28-27AM,7181.0
1222,1485314908152,2017-01-25-11-28-28AM,6517.0
1223,1485314908332,2017-01-25-11-28-28AM,6446.0
1224,1485314908513,2017-01-25-11-28-28AM,9168.0
1225,1485314908691,2017-01-25-11-28-28AM,8446.0
1226,1485314908872,2017-01-25-11-28-28AM,8174.0
1227,1485314909050,2017-01-25-11-28-29AM,8536.0
1228,1485314909233,2017-01-25-11-28-29AM,10163.0
1229,1485314909413,2017-01-25-11-28-29AM,10670.0
1230,1485314909593,2017-01-25-11-28-29AM,11154.0
1231,1485314909773,2017-01-25-11-28-29AM,10809.0
1232,1485314909953,2017-01-25-11-28-29AM,10773.0
1233,1485314910133,2017-01-25-11-28-30AM,10068.0
1234,1485314910314,2017-01-25-11-28-30AM,9345.0
1235,1485314910493,2017-01-25-11-28-30AM,8816.0
1236,1485314910676,2017-01-25-11-28-30AM,8599.0
1237,1485314910853,2017-01-25-11-28-30AM,8813.0
1238,1485314911035,2017-01-25-11-28-31AM,8887.0
1239,1485314911215,2017-01-25-11-28-31AM,8952.0
1240,1485314911395,2017-01-25-11-28-31AM,9352.0
1241,1485314911574,2017-01-25-11-28-31AM,9343.0
1242,1485314911755,2017-01-25-11-28-31AM,9121.0
1243,1485314911936,2017-01-25-11-28-31AM,8496.0
1244,1485314912116,2017-01-25-11-28-32AM,7893.0
1245,1485314912293,2017-01-25-11-28-32AM,7847.0
1246,1485314912476,2017-01-25-11-28-32AM,8509.0
1247,1485314912656,2017-01-25-11-28-32AM,9019.0
1248,1485314912833,2017-01-25-11-28-32AM,9600.0
1249,1485314913014,2017-01-25-11-28-33AM,9396.0
1250,1485314913197,2017-01-25-11-28-33AM,8717.0
1251,1485314913376,2017-01-25-11-28-33AM,8969.0
1252,1485314913555,2017-01-25-11-28-33AM,9487.0
1253,1485314913737,2017-01-25-11-28-33AM,8819.0
1254,1485314913916,2017-01-25-11-28-33AM,8207.0
1255,1485314914097,2017-01-25-11-28-34AM,7924.0
1256,1485314914277,2017-01-25-11-28-34AM,7898.0
1257,1485314914457,2017-01-25-11-28-34AM,8262.0
1258,1485314914639,2017-01-25-11-28-34AM,8742.0
1259,1485314914819,2017-01-25-11-28-34AM,8482.0
1260,1485314914999,2017-01-25-11-28-34AM,8484.0
1261,1485314915178,2017-01-25-11-28-35AM,8004.0
1262,1485314915360,2017-01-25-11-28-35AM,7568.0
1263,1485314915539,2017-01-25-11-28-35AM,7245.0
1264,1485314915719,2017-01-25-11-28-35AM,7100.0
1265,1485314915898,2017-01-25-11-28-35AM,6887.0
1266,1485314916078,2017-01-25-11-28-36AM,7161.0
1267,1485314916259,2017-01-25-11-28-36AM,7360.0
1268,1485314916440,2017-01-25-11-28-36AM,7391.0
1269,1485314916618,2017-01-25-11-28-36AM,7192.0
1270,1485314916798,2017-01-25-11-28-36AM,7821.0
1271,1485314916982,2017-01-25-11-28-36AM,7235.0
1272,1485314917160,2017-01-25-11-28-37AM,7145.0
1273,1485314917342,2017-01-25-11-28-37AM,6821.0
1274,1485314917518,2017-01-25-11-28-37AM,6259.0
1275,1485314917702,2017-01-25-11-28-37AM,6441.0
1276,1485314917881,2017-01-25-11-28-37AM,6871.0
1277,1485314918061,2017-01-25-11-28-38AM,6827.0
1278,1485314918242,2017-01-25-11-28-38AM,7036.0
1279,1485314918422,2017-01-25-11-28-38AM,7514.0
1280,1485314918603,2017-01-25-11-28-38AM,7232.0
1281,1485314918780,2017-01-25-11-28-38AM,7704.0
1282,1485314918962,2017-01-25-11-28-38AM,8098.0
1283,1485314919142,2017-01-25-11-28-39AM,7775.0
1284,1485314919323,2017-01-25-11-28-39AM,7266.0
1285,1485314919502,2017-01-25-11-28-39AM,7207.0
1286,1485314919684,2017-01-25-11-28-39AM,7087.0
1287,1485314919861,2017-01-25-11-28-39AM,7361.0
1288,1485314920042,2017-01-25-11-28-40AM,8524.0
1289,1485314920223,2017-01-25-11-28-40AM,8031.0
1290,1485314920404,2017-01-25-11-28-40AM,8349.0
1291,1485314920584,2017-01-25-11-28-40AM,8583.0
1292,1485314920768,2017-01-25-11-28-40AM,8190.0
1293,1485314920944,2017-01-25-11-28-40AM,8004.0
1294,1485314921124,2017-01-25-11-28-41AM,7997.0
1295,1485314921303,2017-01-25-11-28-41AM,7534.0
1296,1485314921483,2017-01-25-11-28-41AM,7661.0
1297,1485314921664,2017-01-25-11-28-41AM,7951.0
1298,1485314921842,2017-01-25-11-28-41AM,7748.0
1299,1485314922025,2017-01-25-11-28-42AM,7945.0
1300,1485314922206,2017-01-25-11-28-42AM,8757.0
1301,1485314922384,2017-01-25-11-28-42AM,8161.0
1302,1485314922564,2017-01-25-11-28-42AM,8336.0
1303,1485314922746,2017-01-25-11-28-42AM,8416.0
1304,1485314922926,2017-01-25-11-28-42AM,8025.0
1305,1485314923106,2017-01-25-11-28-43AM,7686.0
1306,1485314923287,2017-01-25-11-28-43AM,7785.0
1307,1485314923466,2017-01-25-11-28-43AM,7596.0
1308,1485314923648,2017-01-25-11-28-43AM,8034.0
1309,1485314923828,2017-01-25-11-28-43AM,8436.0
1310,1485314924005,2017-01-25-11-28-44AM,8157.0
1311,1485314924187,2017-01-25-11-28-44AM,7875.0
1312,1485314924369,2017-01-25-11-28-44AM,7967.0
1313,1485314924548,2017-01-25-11-28-44AM,7562.0
1314,1485314924728,2017-01-25-11-28-44AM,7500.0
1315,1485314924908,2017-01-25-11-28-44AM,7348.0
1316,1485314925087,2017-01-25-11-28-45AM,7039.0
1317,1485314925268,2017-01-25-11-28-45AM,7532.0
1318,1485314925449,2017-01-25-11-28-45AM,7930.0
1319,1485314925629,2017-01-25-11-28-45AM,7908.0
1320,1485314925809,2017-01-25-11-28-45AM,7980.0
1321,1485314925989,2017-01-25-11-28-45AM,7978.0
1322,1485314926169,2017-01-25-11-28-46AM,7687.0
1323,1485314926349,2017-01-25-11-28-46AM,7543.0
1324,1485314926533,2017-01-25-11-28-46AM,7780.0
1325,1485314926712,2017-01-25-11-28-46AM,7249.0
1326,1485314926887,2017-01-25-11-28-46AM,6878.0
1327,1485314927069,2017-01-25-11-28-47AM,7062.0
1328,1485314927250,2017-01-25-11-28-47AM,7151.0
1329,1485314927432,2017-01-25-11-28-47AM,7443.0
1330,1485314927610,2017-01-25-11-28-47AM,7793.0
1331,1485314927792,2017-01-25-11-28-47AM,7400.0
1332,1485314927970,2017-01-25-11-28-47AM,7248.0
1333,1485314928152,2017-01-25-11-28-48AM,7171.0
1334,1485314928333,2017-01-25-11-28-48AM,6626.0
1335,1485314928512,2017-01-25-11-28-48AM,6497.0
1336,1485314928689,2017-01-25-11-28-48AM,6860.0
1337,1485314928871,2017-01-25-11-28-48AM,6627.0
1338,1485314929052,2017-01-25-11-28-49AM,6835.0
1339,1485314929232,2017-01-25-11-28-49AM,7601.0
1340,1485314929413,2017-01-25-11-28-49AM,7099.0
1341,1485314929593,2017-01-25-11-28-49AM,7078.0
1342,1485314929772,2017-01-25-11-28-49AM,7489.0
1343,1485314929953,2017-01-25-11-28-49AM,6876.0
1344,1485314930132,2017-01-25-11-28-50AM,6539.0
1345,1485314930313,2017-01-25-11-28-50AM,6161.0
1346,1485314930494,2017-01-25-11-28-50AM,5905.0
1347,1485314930674,2017-01-25-11-28-50AM,5656.0
1348,1485314930854,2017-01-25-11-28-50AM,6706.0
1349,1485314931034,2017-01-25-11-28-51AM,6704.0
1350,1485314931213,2017-01-25-11-28-51AM,6990.0
1351,1485314931394,2017-01-25-11-28-51AM,7461.0
1352,1485314931573,2017-01-25-11-28-51AM,6993.0
1353,1485314931754,2017-01-25-11-28-51AM,6609.0
1354,1485314931937,2017-01-25-11-28-51AM,7329.0
1355,1485314932114,2017-01-25-11-28-52AM,6522.0
1356,1485314932296,2017-01-25-11-28-52AM,6542.0
1357,1485314932477,2017-01-25-11-28-52AM,6938.0
1358,1485314932653,2017-01-25-11-28-52AM,7244.0
1359,1485314932836,2017-01-25-11-28-52AM,6798.0
1360,1485314933016,2017-01-25-11-28-53AM,7726.0
1361,1485314933196,2017-01-25-11-28-53AM,7597.0
1362,1485314933376,2017-01-25-11-28-53AM,7309.0
1363,1485314933556,2017-01-25-11-28-53AM,7962.0
1364,1485314933735,2017-01-25-11-28-53AM,7914.0
1365,1485314933917,2017-01-25-11-28-53AM,7306.0
1366,1485314934097,2017-01-25-11-28-54AM,7516.0
1367,1485314934278,2017-01-25-11-28-54AM,7462.0
1368,1485314934458,2017-01-25-11-28-54AM,6965.0
1369,1485314934639,2017-01-25-11-28-54AM,7485.0
1370,1485314934817,2017-01-25-11-28-54AM,7482.0
1371,1485314934999,2017-01-25-11-28-54AM,7716.0
1372,1485314935177,2017-01-25-11-28-55AM,7733.0
1373,1485314935358,2017-01-25-11-28-55AM,8691.0
1374,1485314935539,2017-01-25-11-28-55AM,8052.0
1375,1485314935720,2017-01-25-11-28-55AM,8365.0
1376,1485314935897,2017-01-25-11-28-55AM,8426.0
1377,1485314936078,2017-01-25-11-28-56AM,8217.0
1378,1485314936258,2017-01-25-11-28-56AM,7781.0
1379,1485314936437,2017-01-25-11-28-56AM,9206.0
1380,1485314936620,2017-01-25-11-28-56AM,8475.0
1381,1485314936798,2017-01-25-11-28-56AM,8650.0
1382,1485314936977,2017-01-25-11-28-56AM,9373.0
1383,1485314937182,2017-01-25-11-28-57AM,8904.0
1384,1485314937339,2017-01-25-11-28-57AM,7567.0
1385,1485314937518,2017-01-25-11-28-57AM,7480.0
1386,1485314937699,2017-01-25-11-28-57AM,7516.0
1387,1485314937881,2017-01-25-11-28-57AM,6767.0
1388,1485314938062,2017-01-25-11-28-58AM,6759.0
1389,1485314938242,2017-01-25-11-28-58AM,7581.0
1390,1485314938422,2017-01-25-11-28-58AM,7604.0
1391,1485314938602,2017-01-25-11-28-58AM,8125.0
1392,1485314938782,2017-01-25-11-28-58AM,9111.0
1393,1485314938963,2017-01-25-11-28-58AM,9128.0
1394,1485314939142,2017-01-25-11-28-59AM,9009.0
1395,1485314939324,2017-01-25-11-28-59AM,9032.0
1396,1485314939503,2017-01-25-11-28-59AM,9227.0
1397,1485314939682,2017-01-25-11-28-59AM,9132.0
1398,1485314939863,2017-01-25-11-28-59AM,9557.0
1399,1485314940040,2017-01-25-11-29-00AM,8771.0
1400,1485314940220,2017-01-25-11-29-00AM,8436.0
1401,1485314940402,2017-01-25-11-29-00AM,8509.0
1402,1485314940583,2017-01-25-11-29-00AM,8525.0
1403,1485314940772,2017-01-25-11-29-00AM,8553.0
1404,1485314940942,2017-01-25-11-29-00AM,9851.0
1405,1485314941123,2017-01-25-11-29-01AM,9607.0
1406,1485314941305,2017-01-25-11-29-01AM,9046.0
1407,1485314941484,2017-01-25-11-29-01AM,8539.0
1408,1485314941663,2017-01-25-11-29-01AM,8618.0
1409,1485314941844,2017-01-25-11-29-01AM,8448.0
1410,1485314942028,2017-01-25-11-29-02AM,10219.0
1411,1485314942205,2017-01-25-11-29-02AM,10757.0
1412,1485314942386,2017-01-25-11-29-02AM,10489.0
1413,1485314942567,2017-01-25-11-29-02AM,10813.0
1414,1485314942743,2017-01-25-11-29-02AM,10603.0
1415,1485314942925,2017-01-25-11-29-02AM,10563.0
1416,1485314943106,2017-01-25-11-29-03AM,10525.0
1417,1485314943286,2017-01-25-11-29-03AM,10273.0
1418,1485314943466,2017-01-25-11-29-03AM,9989.0
1419,1485314943647,2017-01-25-11-29-03AM,9998.0
1420,1485314943825,2017-01-25-11-29-03AM,10347.0
1421,1485314944007,2017-01-25-11-29-04AM,10021.0
1422,1485314944188,2017-01-25-11-29-04AM,10501.0
1423,1485314944368,2017-01-25-11-29-04AM,11119.0
1424,1485314944548,2017-01-25-11-29-04AM,10728.0
1425,1485314944728,2017-01-25-11-29-04AM,10739.0
1426,1485314944906,2017-01-25-11-29-04AM,10693.0
1427,1485314945084,2017-01-25-11-29-05AM,9928.0
1428,1485314945267,2017-01-25-11-29-05AM,9526.0
1429,1485314945450,2017-01-25-11-29-05AM,9648.0
1430,1485314945628,2017-01-25-11-29-05AM,8866.0
1431,1485314945809,2017-01-25-11-29-05AM,8263.0
1432,1485314945990,2017-01-25-11-29-05AM,7988.0
1433,1485314946170,2017-01-25-11-29-06AM,6943.0
1434,1485314946349,2017-01-25-11-29-06AM,6151.0
1435,1485314946530,2017-01-25-11-29-06AM,5711.0
1436,1485314946709,2017-01-25-11-29-06AM,4569.0
1437,1485314946889,2017-01-25-11-29-06AM,4040.0
1438,1485314947067,2017-01-25-11-29-07AM,3375.0
1439,1485314947247,2017-01-25-11-29-07AM,1968.0
1440,1485314947430,2017-01-25-11-29-07AM,1741.0
1441,1485314947615,2017-01-25-11-29-07AM,1790.0
1442,1485314947793,2017-01-25-11-29-07AM,1668.0
1443,1485314947972,2017-01-25-11-29-07AM,1650.0
1444,1485314948151,2017-01-25-11-29-08AM,1716.0
1445,1485314948332,2017-01-25-11-29-08AM,1652.0
1446,1485314948510,2017-01-25-11-29-08AM,1670.0
1447,1485314948693,2017-01-25-11-29-08AM,2006.0
1448,1485314948870,2017-01-25-11-29-08AM,2526.0
1449,1485314949054,2017-01-25-11-29-09AM,5453.0
1450,1485314949232,2017-01-25-11-29-09AM,6579.0
1451,1485314949414,2017-01-25-11-29-09AM,7094.0
1452,1485314949591,2017-01-25-11-29-09AM,7036.0
1453,1485314949774,2017-01-25-11-29-09AM,9001.0
1454,1485314949954,2017-01-25-11-29-09AM,9047.0
1455,1485314950133,2017-01-25-11-29-10AM,9261.0
1456,1485314950315,2017-01-25-11-29-10AM,9835.0
1457,1485314950493,2017-01-25-11-29-10AM,10494.0
1458,1485314950672,2017-01-25-11-29-10AM,10501.0
1459,1485314950853,2017-01-25-11-29-10AM,11398.0
1460,1485314951035,2017-01-25-11-29-11AM,11963.0
1461,1485314951216,2017-01-25-11-29-11AM,12083.0
1462,1485314951393,2017-01-25-11-29-11AM,12222.0
1463,1485314951574,2017-01-25-11-29-11AM,12232.0
1464,1485314951755,2017-01-25-11-29-11AM,12126.0
1465,1485314951932,2017-01-25-11-29-11AM,11991.0
1466,1485314952115,2017-01-25-11-29-12AM,13919.0
1467,1485314952295,2017-01-25-11-29-12AM,12753.0
1468,1485314952475,2017-01-25-11-29-12AM,12013.0
1469,1485314952658,2017-01-25-11-29-12AM,12039.0
1470,1485314952835,2017-01-25-11-29-12AM,12119.0
1471,1485314953018,2017-01-25-11-29-13AM,11824.0
1472,1485314953198,2017-01-25-11-29-13AM,11090.0
1473,1485314953377,2017-01-25-11-29-13AM,10525.0
1474,1485314953557,2017-01-25-11-29-13AM,9137.0
1475,1485314953737,2017-01-25-11-29-13AM,8035.0
1476,1485314953917,2017-01-25-11-29-13AM,6915.0
1477,1485314954097,2017-01-25-11-29-14AM,5340.0
1478,1485314954278,2017-01-25-11-29-14AM,4535.0
1479,1485314954459,2017-01-25-11-29-14AM,3319.0
1480,1485314954638,2017-01-25-11-29-14AM,2165.0
1481,1485314954820,2017-01-25-11-29-14AM,1849.0
1482,1485314954998,2017-01-25-11-29-14AM,1730.0
1483,1485314955177,2017-01-25-11-29-15AM,1682.0
1484,1485314955358,2017-01-25-11-29-15AM,1596.0
1485,1485314955538,2017-01-25-11-29-15AM,1543.0
1486,1485314955719,2017-01-25-11-29-15AM,1463.0
1487,1485314955896,2017-01-25-11-29-15AM,1456.0
1488,1485314956080,2017-01-25-11-29-16AM,1560.0
1489,1485314956259,2017-01-25-11-29-16AM,1564.0
1490,1485314956440,2017-01-25-11-29-16AM,1644.0
1491,1485314956620,2017-01-25-11-29-16AM,1940.0
1492,1485314956798,2017-01-25-11-29-16AM,1878.0
1493,1485314956981,2017-01-25-11-29-16AM,1985.0
1494,1485314957162,2017-01-25-11-29-17AM,2380.0
1495,1485314957342,2017-01-25-11-29-17AM,4406.0
1496,1485314957518,2017-01-25-11-29-17AM,5880.0
1497,1485314957702,2017-01-25-11-29-17AM,8158.0
1498,1485314957883,2017-01-25-11-29-17AM,9949.0
1499,1485314958062,2017-01-25-11-29-18AM,10555.0
1500,1485314958242,2017-01-25-11-29-18AM,11985.0
1501,1485314958422,2017-01-25-11-29-18AM,11998.0
1502,1485314958602,2017-01-25-11-29-18AM,11929.0
1503,1485314958782,2017-01-25-11-29-18AM,13104.0
1504,1485314958964,2017-01-25-11-29-18AM,12262.0
1505,1485314959142,2017-01-25-11-29-19AM,11917.0
1506,1485314959323,2017-01-25-11-29-19AM,12313.0
1507,1485314959503,2017-01-25-11-29-19AM,12743.0
1508,1485314959682,2017-01-25-11-29-19AM,12450.0
1509,1485314959863,2017-01-25-11-29-19AM,12177.0
1510,1485314960043,2017-01-25-11-29-20AM,13312.0
1511,1485314960225,2017-01-25-11-29-20AM,12918.0
1512,1485314960404,2017-01-25-11-29-20AM,13240.0
1513,1485314960583,2017-01-25-11-29-20AM,13537.0
1514,1485314960763,2017-01-25-11-29-20AM,14307.0
1515,1485314960943,2017-01-25-11-29-20AM,14332.0
1516,1485314961126,2017-01-25-11-29-21AM,15385.0
1517,1485314961305,2017-01-25-11-29-21AM,15470.0
1518,1485314961486,2017-01-25-11-29-21AM,15212.0
1519,1485314961666,2017-01-25-11-29-21AM,15331.0
1520,1485314961843,2017-01-25-11-29-21AM,15436.0
1521,1485314962023,2017-01-25-11-29-22AM,15125.0
1522,1485314962207,2017-01-25-11-29-22AM,14040.0
1523,1485314962386,2017-01-25-11-29-22AM,12519.0
1524,1485314962565,2017-01-25-11-29-22AM,12728.0
1525,1485314962747,2017-01-25-11-29-22AM,11349.0
1526,1485314962923,2017-01-25-11-29-22AM,10740.0
1527,1485314963106,2017-01-25-11-29-23AM,10490.0
1528,1485314963287,2017-01-25-11-29-23AM,10248.0
1529,1485314963466,2017-01-25-11-29-23AM,10716.0
1530,1485314963647,2017-01-25-11-29-23AM,11300.0
1531,1485314963828,2017-01-25-11-29-23AM,13523.0
1532,1485314964007,2017-01-25-11-29-24AM,14344.0
1533,1485314964186,2017-01-25-11-29-24AM,14340.0
1534,1485314964367,2017-01-25-11-29-24AM,14329.0
1535,1485314964548,2017-01-25-11-29-24AM,14443.0
1536,1485314964727,2017-01-25-11-29-24AM,14375.0
1537,1485314964907,2017-01-25-11-29-24AM,14559.0
1538,1485314965089,2017-01-25-11-29-25AM,14560.0
1539,1485314965267,2017-01-25-11-29-25AM,14787.0
1540,1485314965450,2017-01-25-11-29-25AM,14923.0
1541,1485314965627,2017-01-25-11-29-25AM,15061.0
1542,1485314965808,2017-01-25-11-29-25AM,14992.0
1543,1485314965989,2017-01-25-11-29-25AM,14631.0
1544,1485314966169,2017-01-25-11-29-26AM,14617.0
1545,1485314966349,2017-01-25-11-29-26AM,14625.0
1546,1485314966530,2017-01-25-11-29-26AM,14737.0
1547,1485314966711,2017-01-25-11-29-26AM,14810.0
1548,1485314966887,2017-01-25-11-29-26AM,14926.0
1549,1485314967071,2017-01-25-11-29-27AM,14951.0
1550,1485314967277,2017-01-25-11-29-27AM,14666.0
1551,1485314967430,2017-01-25-11-29-27AM,14527.0
1552,1485314967610,2017-01-25-11-29-27AM,14379.0
1553,1485314967792,2017-01-25-11-29-27AM,14522.0
1554,1485314967973,2017-01-25-11-29-27AM,14531.0
1555,1485314968150,2017-01-25-11-29-28AM,14844.0
1556,1485314968332,2017-01-25-11-29-28AM,14751.0
1557,1485314968512,2017-01-25-11-29-28AM,14562.0
1558,1485314968691,2017-01-25-11-29-28AM,14404.0
1559,1485314968872,2017-01-25-11-29-28AM,14266.0
1560,1485314969053,2017-01-25-11-29-29AM,14634.0
1561,1485314969232,2017-01-25-11-29-29AM,14807.0
1562,1485314969412,2017-01-25-11-29-29AM,15131.0
1563,1485314969593,2017-01-25-11-29-29AM,14980.0
1564,1485314969774,2017-01-25-11-29-29AM,14838.0
1565,1485314969952,2017-01-25-11-29-29AM,14907.0
1566,1485314970133,2017-01-25-11-29-30AM,15077.0
1567,1485314970315,2017-01-25-11-29-30AM,15150.0
1568,1485314970494,2017-01-25-11-29-30AM,15387.0
1569,1485314970674,2017-01-25-11-29-30AM,15556.0
1570,1485314970853,2017-01-25-11-29-30AM,15598.0
1571,1485314971034,2017-01-25-11-29-31AM,15487.0
1572,1485314971215,2017-01-25-11-29-31AM,15208.0
1573,1485314971393,2017-01-25-11-29-31AM,15057.0
1574,1485314971576,2017-01-25-11-29-31AM,15191.0
1575,1485314971755,2017-01-25-11-29-31AM,15272.0
1576,1485314971934,2017-01-25-11-29-31AM,15514.0
1577,1485314972114,2017-01-25-11-29-32AM,15495.0
1578,1485314972297,2017-01-25-11-29-32AM,15424.0
1579,1485314972477,2017-01-25-11-29-32AM,15621.0
1580,1485314972658,2017-01-25-11-29-32AM,15180.0
1581,1485314972835,2017-01-25-11-29-32AM,15107.0
1582,1485314973015,2017-01-25-11-29-33AM,15123.0
1583,1485314973197,2017-01-25-11-29-33AM,15327.0
1584,1485314973373,2017-01-25-11-29-33AM,14758.0
1585,1485314973558,2017-01-25-11-29-33AM,13742.0
1586,1485314973737,2017-01-25-11-29-33AM,14180.0
1587,1485314973915,2017-01-25-11-29-33AM,14558.0
1588,1485314974098,2017-01-25-11-29-34AM,15040.0
1589,1485314974275,2017-01-25-11-29-34AM,15518.0
1590,1485314974460,2017-01-25-11-29-34AM,15569.0
1591,1485314974637,2017-01-25-11-29-34AM,15545.0
1592,1485314974818,2017-01-25-11-29-34AM,15471.0
1593,1485314974997,2017-01-25-11-29-34AM,15675.0
1594,1485314975178,2017-01-25-11-29-35AM,15498.0
1595,1485314975359,2017-01-25-11-29-35AM,15456.0
1596,1485314975538,2017-01-25-11-29-35AM,15554.0
1597,1485314975719,2017-01-25-11-29-35AM,15860.0
1598,1485314975900,2017-01-25-11-29-35AM,15892.0
1599,1485314976079,2017-01-25-11-29-36AM,15659.0
1600,1485314976259,2017-01-25-11-29-36AM,15818.0
1601,1485314976439,2017-01-25-11-29-36AM,15601.0
1602,1485314976619,2017-01-25-11-29-36AM,15580.0
1603,1485314976801,2017-01-25-11-29-36AM,15661.0
1604,1485314976979,2017-01-25-11-29-36AM,15692.0
1605,1485314977160,2017-01-25-11-29-37AM,15533.0
1606,1485314977337,2017-01-25-11-29-37AM,14986.0
1607,1485314977518,2017-01-25-11-29-37AM,15305.0
1608,1485314977699,2017-01-25-11-29-37AM,15160.0
1609,1485314977880,2017-01-25-11-29-37AM,15198.0
1610,1485314978063,2017-01-25-11-29-38AM,15158.0
1611,1485314978240,2017-01-25-11-29-38AM,15294.0
1612,1485314978423,2017-01-25-11-29-38AM,15182.0
1613,1485314978602,2017-01-25-11-29-38AM,15160.0
1614,1485314978783,2017-01-25-11-29-38AM,15298.0
1615,1485314978962,2017-01-25-11-29-38AM,15252.0
1616,1485314979142,2017-01-25-11-29-39AM,15175.0
1617,1485314979323,2017-01-25-11-29-39AM,15421.0
1618,1485314979502,2017-01-25-11-29-39AM,15454.0
1619,1485314979682,2017-01-25-11-29-39AM,15461.0
1620,1485314979861,2017-01-25-11-29-39AM,15277.0
1621,1485314980043,2017-01-25-11-29-40AM,15371.0
1622,1485314980224,2017-01-25-11-29-40AM,15372.0
1623,1485314980403,2017-01-25-11-29-40AM,15220.0
1624,1485314980583,2017-01-25-11-29-40AM,15386.0
1625,1485314980764,2017-01-25-11-29-40AM,15603.0
1626,1485314980945,2017-01-25-11-29-40AM,15599.0
1627,1485314981124,2017-01-25-11-29-41AM,15501.0
1628,1485314981305,2017-01-25-11-29-41AM,15463.0
1629,1485314981486,2017-01-25-11-29-41AM,15569.0
1630,1485314981663,2017-01-25-11-29-41AM,15385.0
1631,1485314981843,2017-01-25-11-29-41AM,15348.0
1632,1485314982021,2017-01-25-11-29-42AM,15508.0
1633,1485314982202,2017-01-25-11-29-42AM,15622.0
1634,1485314982383,2017-01-25-11-29-42AM,15516.0
1635,1485314982566,2017-01-25-11-29-42AM,15238.0
1636,1485314982746,2017-01-25-11-29-42AM,15322.0
1637,1485314982927,2017-01-25-11-29-42AM,14799.0
1638,1485314983107,2017-01-25-11-29-43AM,14649.0
1639,1485314983283,2017-01-25-11-29-43AM,14720.0
1640,1485314983465,2017-01-25-11-29-43AM,14704.0
1641,1485314983647,2017-01-25-11-29-43AM,15092.0
1642,1485314983826,2017-01-25-11-29-43AM,15276.0
1643,1485314984006,2017-01-25-11-29-44AM,15142.0
1644,1485314984186,2017-01-25-11-29-44AM,14944.0
1645,1485314984368,2017-01-25-11-29-44AM,14817.0
1646,1485314984546,2017-01-25-11-29-44AM,14718.0
1647,1485314984727,2017-01-25-11-29-44AM,14639.0
1648,1485314984909,2017-01-25-11-29-44AM,14661.0
1649,1485314985089,2017-01-25-11-29-45AM,14797.0
1650,1485314985267,2017-01-25-11-29-45AM,14833.0
1651,1485314985447,2017-01-25-11-29-45AM,14697.0
1652,1485314985628,2017-01-25-11-29-45AM,14710.0
1653,1485314985809,2017-01-25-11-29-45AM,13818.0
1654,1485314985990,2017-01-25-11-29-45AM,13170.0
1655,1485314986169,2017-01-25-11-29-46AM,12393.0
1656,1485314986349,2017-01-25-11-29-46AM,11956.0
1657,1485314986530,2017-01-25-11-29-46AM,11888.0
1658,1485314986709,2017-01-25-11-29-46AM,11761.0
1659,1485314986888,2017-01-25-11-29-46AM,12811.0
1660,1485314987066,2017-01-25-11-29-47AM,13564.0
1661,1485314987246,2017-01-25-11-29-47AM,14265.0
1662,1485314987427,2017-01-25-11-29-47AM,14552.0
1663,1485314987613,2017-01-25-11-29-47AM,14472.0
1664,1485314987789,2017-01-25-11-29-47AM,14839.0
1665,1485314987971,2017-01-25-11-29-47AM,15125.0
1666,1485314988152,2017-01-25-11-29-48AM,15354.0
1667,1485314988328,2017-01-25-11-29-48AM,15217.0
1668,1485314988513,2017-01-25-11-29-48AM,15280.0
1669,1485314988690,2017-01-25-11-29-48AM,15471.0
1670,1485314988870,2017-01-25-11-29-48AM,15363.0
1671,1485314989051,2017-01-25-11-29-49AM,15703.0
1672,1485314989232,2017-01-25-11-29-49AM,15564.0
1673,1485314989413,2017-01-25-11-29-49AM,15826.0
1674,1485314989591,2017-01-25-11-29-49AM,15896.0
1675,1485314989774,2017-01-25-11-29-49AM,15892.0
1676,1485314989951,2017-01-25-11-29-49AM,15631.0
1677,1485314990132,2017-01-25-11-29-50AM,15689.0
1678,1485314990312,2017-01-25-11-29-50AM,15796.0
1679,1485314990494,2017-01-25-11-29-50AM,15364.0
1680,1485314990675,2017-01-25-11-29-50AM,15538.0
1681,1485314990853,2017-01-25-11-29-50AM,15499.0
1682,1485314991033,2017-01-25-11-29-51AM,15525.0
1683,1485314991214,2017-01-25-11-29-51AM,15401.0
1684,1485314991393,2017-01-25-11-29-51AM,15370.0
1685,1485314991576,2017-01-25-11-29-51AM,15194.0
1686,1485314991755,2017-01-25-11-29-51AM,15191.0
1687,1485314991934,2017-01-25-11-29-51AM,15126.0
1688,1485314992114,2017-01-25-11-29-52AM,15365.0
1689,1485314992293,2017-01-25-11-29-52AM,15285.0
1690,1485314992474,2017-01-25-11-29-52AM,15372.0
1691,1485314992656,2017-01-25-11-29-52AM,15337.0
1692,1485314992835,2017-01-25-11-29-52AM,15390.0
1693,1485314993017,2017-01-25-11-29-53AM,15328.0
1694,1485314993195,2017-01-25-11-29-53AM,15129.0
1695,1485314993374,2017-01-25-11-29-53AM,15131.0
1696,1485314993556,2017-01-25-11-29-53AM,15206.0
1697,1485314993736,2017-01-25-11-29-53AM,15174.0
1698,1485314993917,2017-01-25-11-29-53AM,15251.0
1699,1485314994096,2017-01-25-11-29-54AM,15419.0
1700,1485314994274,2017-01-25-11-29-54AM,15073.0
1701,1485314994456,2017-01-25-11-29-54AM,14923.0
1702,1485314994638,2017-01-25-11-29-54AM,14750.0
1703,1485314994818,2017-01-25-11-29-54AM,14710.0
1704,1485314994997,2017-01-25-11-29-54AM,14644.0
1705,1485314995178,2017-01-25-11-29-55AM,14582.0
1706,1485314995359,2017-01-25-11-29-55AM,14670.0
1707,1485314995538,2017-01-25-11-29-55AM,14500.0
1708,1485314995719,2017-01-25-11-29-55AM,14534.0
1709,1485314995897,2017-01-25-11-29-55AM,14630.0
1710,1485314996076,2017-01-25-11-29-56AM,14541.0
1711,1485314996257,2017-01-25-11-29-56AM,14237.0
1712,1485314996440,2017-01-25-11-29-56AM,13932.0
1713,1485314996619,2017-01-25-11-29-56AM,14057.0
1714,1485314996799,2017-01-25-11-29-56AM,14258.0
1715,1485314996979,2017-01-25-11-29-56AM,14351.0
1716,1485314997162,2017-01-25-11-29-57AM,14434.0
1717,1485314997365,2017-01-25-11-29-57AM,14157.0
1718,1485314997517,2017-01-25-11-29-57AM,13580.0
1719,1485314997700,2017-01-25-11-29-57AM,14240.0
1720,1485314997880,2017-01-25-11-29-57AM,14379.0
1721,1485314998060,2017-01-25-11-29-58AM,14487.0
1722,1485314998240,2017-01-25-11-29-58AM,14247.0
1723,1485314998420,2017-01-25-11-29-58AM,14096.0
1724,1485314998602,2017-01-25-11-29-58AM,13158.0
1725,1485314998780,2017-01-25-11-29-58AM,13320.0
1726,1485314998962,2017-01-25-11-29-58AM,12976.0
1727,1485314999140,2017-01-25-11-29-59AM,9716.0
1728,1485314999319,2017-01-25-11-29-59AM,8869.0
1729,1485314999501,2017-01-25-11-29-59AM,8190.0
1730,1485314999682,2017-01-25-11-29-59AM,10812.0
1731,1485314999862,2017-01-25-11-29-59AM,9461.0
1732,1485315000040,2017-01-25-11-30-00AM,7961.0
1733,1485315000219,2017-01-25-11-30-00AM,9275.0
1734,1485315000399,2017-01-25-11-30-00AM,10290.0
1735,1485315000579,2017-01-25-11-30-00AM,10167.0
1736,1485315000759,2017-01-25-11-30-00AM,8997.0
1737,1485315000943,2017-01-25-11-30-00AM,9437.0
1738,1485315001123,2017-01-25-11-30-01AM,14548.0
1739,1485315001304,2017-01-25-11-30-01AM,14844.0
1740,1485315001483,2017-01-25-11-30-01AM,14228.0
1741,1485315001666,2017-01-25-11-30-01AM,11715.0
1742,1485315001844,2017-01-25-11-30-01AM,10960.0
1743,1485315002025,2017-01-25-11-30-02AM,10073.0
1744,1485315002204,2017-01-25-11-30-02AM,9704.0
1745,1485315002383,2017-01-25-11-30-02AM,10320.0
1746,1485315002565,2017-01-25-11-30-02AM,10682.0
1747,1485315002745,2017-01-25-11-30-02AM,11371.0
1748,1485315002923,2017-01-25-11-30-02AM,11241.0
1749,1485315003106,2017-01-25-11-30-03AM,11049.0
1750,1485315003285,2017-01-25-11-30-03AM,11639.0
1751,1485315003464,2017-01-25-11-30-03AM,13346.0
1752,1485315003646,2017-01-25-11-30-03AM,13966.0
1753,1485315003827,2017-01-25-11-30-03AM,11519.0
1754,1485315004006,2017-01-25-11-30-04AM,10599.0
1755,1485315004187,2017-01-25-11-30-04AM,9703.0
1756,1485315004367,2017-01-25-11-30-04AM,8438.0
1757,1485315004546,2017-01-25-11-30-04AM,7687.0
1758,1485315004728,2017-01-25-11-30-04AM,6871.0
1759,1485315004908,2017-01-25-11-30-04AM,5925.0
1760,1485315005084,2017-01-25-11-30-05AM,4708.0
1761,1485315005266,2017-01-25-11-30-05AM,3749.0
1762,1485315005445,2017-01-25-11-30-05AM,2430.0
1763,1485315005628,2017-01-25-11-30-05AM,2014.0
1764,1485315005808,2017-01-25-11-30-05AM,1870.0
1765,1485315005986,2017-01-25-11-30-05AM,1863.0
1766,1485315006169,2017-01-25-11-30-06AM,1983.0
1767,1485315006346,2017-01-25-11-30-06AM,3210.0
1768,1485315006529,2017-01-25-11-30-06AM,2209.0
1769,1485315006709,2017-01-25-11-30-06AM,2798.0
1770,1485315006887,2017-01-25-11-30-06AM,2530.0
1771,1485315007068,2017-01-25-11-30-07AM,2056.0
1772,1485315007252,2017-01-25-11-30-07AM,1923.0
1773,1485315007428,2017-01-25-11-30-07AM,1930.0
1774,1485315007607,2017-01-25-11-30-07AM,1863.0
1775,1485315007791,2017-01-25-11-30-07AM,1847.0
1776,1485315007967,2017-01-25-11-30-07AM,1850.0
1777,1485315008151,2017-01-25-11-30-08AM,1785.0
1778,1485315008330,2017-01-25-11-30-08AM,1789.0
1779,1485315008511,2017-01-25-11-30-08AM,1885.0
1780,1485315008691,2017-01-25-11-30-08AM,2290.0
1781,1485315008870,2017-01-25-11-30-08AM,2195.0
1782,1485315009050,2017-01-25-11-30-09AM,2244.0
1783,1485315009230,2017-01-25-11-30-09AM,2756.0
1784,1485315009412,2017-01-25-11-30-09AM,3456.0
1785,1485315009592,2017-01-25-11-30-09AM,3789.0
1786,1485315009772,2017-01-25-11-30-09AM,4706.0
1787,1485315009952,2017-01-25-11-30-09AM,5892.0
1788,1485315010130,2017-01-25-11-30-10AM,6735.0
1789,1485315010310,2017-01-25-11-30-10AM,7200.0
1790,1485315010494,2017-01-25-11-30-10AM,8105.0
1791,1485315010673,2017-01-25-11-30-10AM,9623.0
1792,1485315010854,2017-01-25-11-30-10AM,10843.0
1793,1485315011033,2017-01-25-11-30-11AM,12621.0
1794,1485315011213,2017-01-25-11-30-11AM,13783.0
1795,1485315011392,2017-01-25-11-30-11AM,14360.0
1796,1485315011574,2017-01-25-11-30-11AM,14438.0
1797,1485315011755,2017-01-25-11-30-11AM,14546.0
1798,1485315011942,2017-01-25-11-30-11AM,14497.0
1799,1485315012112,2017-01-25-11-30-12AM,14680.0
1800,1485315012293,2017-01-25-11-30-12AM,14629.0
1801,1485315012472,2017-01-25-11-30-12AM,14846.0
1802,1485315012658,2017-01-25-11-30-12AM,14830.0
1803,1485315012835,2017-01-25-11-30-12AM,14814.0
1804,1485315013016,2017-01-25-11-30-13AM,13867.0
1805,1485315013196,2017-01-25-11-30-13AM,14989.0
1806,1485315013376,2017-01-25-11-30-13AM,15204.0
1807,1485315013554,2017-01-25-11-30-13AM,15354.0
1808,1485315013735,2017-01-25-11-30-13AM,15269.0
1809,1485315013916,2017-01-25-11-30-13AM,15064.0
1810,1485315014096,2017-01-25-11-30-14AM,14964.0
1811,1485315014274,2017-01-25-11-30-14AM,14196.0
1812,1485315014456,2017-01-25-11-30-14AM,11079.0
1813,1485315014634,2017-01-25-11-30-14AM,10436.0
1814,1485315014816,2017-01-25-11-30-14AM,10502.0
1815,1485315014997,2017-01-25-11-30-14AM,10652.0
1816,1485315015179,2017-01-25-11-30-15AM,11803.0
1817,1485315015358,2017-01-25-11-30-15AM,15111.0
1818,1485315015537,2017-01-25-11-30-15AM,15339.0
1819,1485315015717,2017-01-25-11-30-15AM,15335.0
1820,1485315015897,2017-01-25-11-30-15AM,15502.0
1821,1485315016077,2017-01-25-11-30-16AM,15585.0
1822,1485315016260,2017-01-25-11-30-16AM,15739.0
1823,1485315016439,2017-01-25-11-30-16AM,15780.0
1824,1485315016619,2017-01-25-11-30-16AM,13712.0
1825,1485315016798,2017-01-25-11-30-16AM,12977.0
1826,1485315016978,2017-01-25-11-30-16AM,13617.0
1827,1485315017160,2017-01-25-11-30-17AM,13683.0
1828,1485315017339,2017-01-25-11-30-17AM,13639.0
1829,1485315017517,2017-01-25-11-30-17AM,13810.0
1830,1485315017698,2017-01-25-11-30-17AM,13960.0
1831,1485315017879,2017-01-25-11-30-17AM,14056.0
1832,1485315018058,2017-01-25-11-30-18AM,13746.0
1833,1485315018238,2017-01-25-11-30-18AM,11745.0
1834,1485315018422,2017-01-25-11-30-18AM,10790.0
1835,1485315018602,2017-01-25-11-30-18AM,10539.0
1836,1485315018782,2017-01-25-11-30-18AM,9966.0
1837,1485315018961,2017-01-25-11-30-18AM,8285.0
1838,1485315019142,2017-01-25-11-30-19AM,5495.0
1839,1485315019322,2017-01-25-11-30-19AM,6228.0
1840,1485315019502,2017-01-25-11-30-19AM,8286.0
1841,1485315019683,2017-01-25-11-30-19AM,11404.0
1842,1485315019862,2017-01-25-11-30-19AM,12871.0
1843,1485315020042,2017-01-25-11-30-20AM,13952.0
1844,1485315020222,2017-01-25-11-30-20AM,13873.0
1845,1485315020402,2017-01-25-11-30-20AM,13021.0
1846,1485315020580,2017-01-25-11-30-20AM,14042.0
1847,1485315020762,2017-01-25-11-30-20AM,14472.0
1848,1485315020940,2017-01-25-11-30-20AM,14364.0
1849,1485315021123,2017-01-25-11-30-21AM,13553.0
1850,1485315021304,2017-01-25-11-30-21AM,11916.0
1851,1485315021483,2017-01-25-11-30-21AM,11819.0
1852,1485315021662,2017-01-25-11-30-21AM,12727.0
1853,1485315021843,2017-01-25-11-30-21AM,13253.0
1854,1485315022025,2017-01-25-11-30-22AM,11778.0
1855,1485315022204,2017-01-25-11-30-22AM,11805.0
1856,1485315022384,2017-01-25-11-30-22AM,11591.0
1857,1485315022563,2017-01-25-11-30-22AM,11552.0
1858,1485315022742,2017-01-25-11-30-22AM,11460.0
1859,1485315022925,2017-01-25-11-30-22AM,11449.0
1860,1485315023102,2017-01-25-11-30-23AM,11014.0
1861,1485315023285,2017-01-25-11-30-23AM,10958.0
1862,1485315023465,2017-01-25-11-30-23AM,10337.0
1863,1485315023644,2017-01-25-11-30-23AM,10113.0
1864,1485315023825,2017-01-25-11-30-23AM,8900.0
1865,1485315024005,2017-01-25-11-30-24AM,8733.0
1866,1485315024185,2017-01-25-11-30-24AM,7073.0
1867,1485315024367,2017-01-25-11-30-24AM,5024.0
1868,1485315024545,2017-01-25-11-30-24AM,1711.0
1869,1485315024726,2017-01-25-11-30-24AM,1446.0
1870,1485315024906,2017-01-25-11-30-24AM,1266.0
1871,1485315025087,2017-01-25-11-30-25AM,1230.0
1872,1485315025268,2017-01-25-11-30-25AM,1184.0
1873,1485315025448,2017-01-25-11-30-25AM,1198.0
1874,1485315025627,2017-01-25-11-30-25AM,1389.0
1875,1485315025807,2017-01-25-11-30-25AM,1753.0
1876,1485315025985,2017-01-25-11-30-25AM,2508.0
1877,1485315026165,2017-01-25-11-30-26AM,2872.0
1878,1485315026348,2017-01-25-11-30-26AM,2988.0
1879,1485315026529,2017-01-25-11-30-26AM,3677.0
1880,1485315026709,2017-01-25-11-30-26AM,5544.0
1881,1485315026887,2017-01-25-11-30-26AM,6946.0
1882,1485315027068,2017-01-25-11-30-27AM,7540.0
1883,1485315027249,2017-01-25-11-30-27AM,8228.0
1884,1485315027457,2017-01-25-11-30-27AM,8209.0
1885,1485315027608,2017-01-25-11-30-27AM,9259.0
1886,1485315027787,2017-01-25-11-30-27AM,10428.0
1887,1485315027970,2017-01-25-11-30-27AM,12175.0
1888,1485315028149,2017-01-25-11-30-28AM,11655.0
1889,1485315028329,2017-01-25-11-30-28AM,11638.0
1890,1485315028510,2017-01-25-11-30-28AM,11229.0
1891,1485315028690,2017-01-25-11-30-28AM,11384.0
1892,1485315028872,2017-01-25-11-30-28AM,13311.0
1893,1485315029051,2017-01-25-11-30-29AM,9317.0
1894,1485315029230,2017-01-25-11-30-29AM,9148.0
1895,1485315029411,2017-01-25-11-30-29AM,9555.0
1896,1485315029590,2017-01-25-11-30-29AM,9679.0
1897,1485315029773,2017-01-25-11-30-29AM,10454.0
1898,1485315029951,2017-01-25-11-30-29AM,9009.0
1899,1485315030133,2017-01-25-11-30-30AM,8201.0
1900,1485315030313,2017-01-25-11-30-30AM,8061.0
1901,1485315030492,2017-01-25-11-30-30AM,8436.0
1902,1485315030673,2017-01-25-11-30-30AM,8186.0
1903,1485315030852,2017-01-25-11-30-30AM,8441.0
1904,1485315031034,2017-01-25-11-30-31AM,8165.0
1905,1485315031212,2017-01-25-11-30-31AM,7499.0
1906,1485315031392,2017-01-25-11-30-31AM,7451.0
1907,1485315031572,2017-01-25-11-30-31AM,7508.0
1908,1485315031753,2017-01-25-11-30-31AM,7561.0
1909,1485315031933,2017-01-25-11-30-31AM,7829.0
1910,1485315032113,2017-01-25-11-30-32AM,8535.0
1911,1485315032296,2017-01-25-11-30-32AM,8111.0
1912,1485315032473,2017-01-25-11-30-32AM,7613.0
1913,1485315032653,2017-01-25-11-30-32AM,7873.0
1914,1485315032832,2017-01-25-11-30-32AM,7898.0
1915,1485315033015,2017-01-25-11-30-33AM,7976.0
1916,1485315033195,2017-01-25-11-30-33AM,7959.0
1917,1485315033376,2017-01-25-11-30-33AM,9520.0
1918,1485315033554,2017-01-25-11-30-33AM,10164.0
1919,1485315033734,2017-01-25-11-30-33AM,9540.0
1920,1485315033915,2017-01-25-11-30-33AM,9177.0
1921,1485315034095,2017-01-25-11-30-34AM,8663.0
1922,1485315034274,2017-01-25-11-30-34AM,7985.0
1923,1485315034456,2017-01-25-11-30-34AM,8100.0
1924,1485315034637,2017-01-25-11-30-34AM,7855.0
1925,1485315034816,2017-01-25-11-30-34AM,7450.0
1926,1485315034996,2017-01-25-11-30-34AM,7298.0
1927,1485315035176,2017-01-25-11-30-35AM,8035.0
1928,1485315035357,2017-01-25-11-30-35AM,7247.0
1929,1485315035537,2017-01-25-11-30-35AM,7210.0
1930,1485315035717,2017-01-25-11-30-35AM,7164.0
1931,1485315035897,2017-01-25-11-30-35AM,6370.0
1932,1485315036077,2017-01-25-11-30-36AM,6057.0
1933,1485315036257,2017-01-25-11-30-36AM,7284.0
1934,1485315036439,2017-01-25-11-30-36AM,7310.0
1935,1485315036617,2017-01-25-11-30-36AM,7483.0
1936,1485315036798,2017-01-25-11-30-36AM,7648.0
1937,1485315036978,2017-01-25-11-30-36AM,8014.0
1938,1485315037158,2017-01-25-11-30-37AM,7901.0
1939,1485315037339,2017-01-25-11-30-37AM,8454.0
1940,1485315037516,2017-01-25-11-30-37AM,8312.0
1941,1485315037698,2017-01-25-11-30-37AM,7895.0
1942,1485315037876,2017-01-25-11-30-37AM,7942.0
1943,1485315038059,2017-01-25-11-30-38AM,7293.0
1944,1485315038242,2017-01-25-11-30-38AM,7095.0
1945,1485315038420,2017-01-25-11-30-38AM,8018.0
1946,1485315038599,2017-01-25-11-30-38AM,7874.0
1947,1485315038783,2017-01-25-11-30-38AM,8193.0
1948,1485315038960,2017-01-25-11-30-38AM,8884.0
1949,1485315039140,2017-01-25-11-30-39AM,8452.0
1950,1485315039322,2017-01-25-11-30-39AM,7093.0
1951,1485315039501,2017-01-25-11-30-39AM,8520.0
1952,1485315039682,2017-01-25-11-30-39AM,8785.0
1953,1485315039863,2017-01-25-11-30-39AM,9492.0
1954,1485315040040,2017-01-25-11-30-40AM,8941.0
1955,1485315040222,2017-01-25-11-30-40AM,8999.0
1956,1485315040403,2017-01-25-11-30-40AM,9201.0
1957,1485315040582,2017-01-25-11-30-40AM,10071.0
1958,1485315040762,2017-01-25-11-30-40AM,9935.0
1959,1485315040942,2017-01-25-11-30-40AM,8821.0
1960,1485315041122,2017-01-25-11-30-41AM,8910.0
1961,1485315041302,2017-01-25-11-30-41AM,8668.0
1962,1485315041482,2017-01-25-11-30-41AM,9994.0
1963,1485315041663,2017-01-25-11-30-41AM,10540.0
1964,1485315041842,2017-01-25-11-30-41AM,10692.0
1965,1485315042021,2017-01-25-11-30-42AM,10984.0
1966,1485315042203,2017-01-25-11-30-42AM,10880.0
1967,1485315042383,2017-01-25-11-30-42AM,10948.0
1968,1485315042563,2017-01-25-11-30-42AM,12108.0
1969,1485315042743,2017-01-25-11-30-42AM,12504.0
1970,1485315042927,2017-01-25-11-30-42AM,12471.0
1971,1485315043106,2017-01-25-11-30-43AM,13444.0
1972,1485315043286,2017-01-25-11-30-43AM,12276.0
1973,1485315043466,2017-01-25-11-30-43AM,12250.0
1974,1485315043643,2017-01-25-11-30-43AM,14798.0
1975,1485315043823,2017-01-25-11-30-43AM,14440.0
1976,1485315044004,2017-01-25-11-30-44AM,13878.0
1977,1485315044184,2017-01-25-11-30-44AM,14213.0
1978,1485315044366,2017-01-25-11-30-44AM,14666.0
1979,1485315044547,2017-01-25-11-30-44AM,14855.0
1980,1485315044726,2017-01-25-11-30-44AM,15316.0
1981,1485315044904,2017-01-25-11-30-44AM,15506.0
1982,1485315045086,2017-01-25-11-30-45AM,15559.0
1983,1485315045266,2017-01-25-11-30-45AM,15759.0
1984,1485315045448,2017-01-25-11-30-45AM,16450.0
1985,1485315045627,2017-01-25-11-30-45AM,15730.0
1986,1485315045808,2017-01-25-11-30-45AM,19018.0
1987,1485315045987,2017-01-25-11-30-45AM,28154.0
1988,1485315046165,2017-01-25-11-30-46AM,31754.0
1989,1485315046347,2017-01-25-11-30-46AM,33395.0
1990,1485315046527,2017-01-25-11-30-46AM,34838.0
1991,1485315046708,2017-01-25-11-30-46AM,35051.0
1992,1485315046889,2017-01-25-11-30-46AM,37318.0
1993,1485315047067,2017-01-25-11-30-47AM,34336.0
1994,1485315047247,2017-01-25-11-30-47AM,28226.0
1995,1485315047429,2017-01-25-11-30-47AM,28451.0
1996,1485315047609,2017-01-25-11-30-47AM,27484.0
1997,1485315047791,2017-01-25-11-30-47AM,28400.0
1998,1485315047967,2017-01-25-11-30-47AM,30344.0
1999,1485315048149,2017-01-25-11-30-48AM,26751.0
2000,1485315048329,2017-01-25-11-30-48AM,22692.0
2001,1485315048510,2017-01-25-11-30-48AM,25514.0
2002,1485315048689,2017-01-25-11-30-48AM,23569.0
2003,1485315048870,2017-01-25-11-30-48AM,21789.0
2004,1485315049050,2017-01-25-11-30-49AM,21575.0
2005,1485315049232,2017-01-25-11-30-49AM,17734.0
2006,1485315049412,2017-01-25-11-30-49AM,16520.0
2007,1485315049589,2017-01-25-11-30-49AM,16174.0
2008,1485315049771,2017-01-25-11-30-49AM,15572.0
2009,1485315049953,2017-01-25-11-30-49AM,15737.0
2010,1485315050132,2017-01-25-11-30-50AM,15767.0
2011,1485315050313,2017-01-25-11-30-50AM,15431.0
2012,1485315050491,2017-01-25-11-30-50AM,15458.0
2013,1485315050671,2017-01-25-11-30-50AM,15680.0
2014,1485315050852,2017-01-25-11-30-50AM,15440.0
2015,1485315051033,2017-01-25-11-30-51AM,14850.0
2016,1485315051214,2017-01-25-11-30-51AM,15233.0
2017,1485315051392,2017-01-25-11-30-51AM,15241.0
2018,1485315051574,2017-01-25-11-30-51AM,15188.0
2019,1485315051750,2017-01-25-11-30-51AM,15089.0
2020,1485315051934,2017-01-25-11-30-51AM,14512.0
2021,1485315052109,2017-01-25-11-30-52AM,14942.0
2022,1485315052294,2017-01-25-11-30-52AM,15234.0
2023,1485315052474,2017-01-25-11-30-52AM,15133.0
2024,1485315052654,2017-01-25-11-30-52AM,14929.0
2025,1485315052834,2017-01-25-11-30-52AM,14527.0
2026,1485315053016,2017-01-25-11-30-53AM,14516.0
2027,1485315053193,2017-01-25-11-30-53AM,14828.0
2028,1485315053375,2017-01-25-11-30-53AM,14956.0
2029,1485315053555,2017-01-25-11-30-53AM,14856.0
2030,1485315053735,2017-01-25-11-30-53AM,14739.0
2031,1485315053915,2017-01-25-11-30-53AM,14686.0
2032,1485315054095,2017-01-25-11-30-54AM,14667.0
2033,1485315054273,2017-01-25-11-30-54AM,14754.0
2034,1485315054457,2017-01-25-11-30-54AM,15023.0
2035,1485315054635,2017-01-25-11-30-54AM,14415.0
2036,1485315054816,2017-01-25-11-30-54AM,14902.0
2037,1485315054996,2017-01-25-11-30-54AM,14694.0
2038,1485315055174,2017-01-25-11-30-55AM,14560.0
2039,1485315055356,2017-01-25-11-30-55AM,14921.0
2040,1485315055536,2017-01-25-11-30-55AM,15235.0
2041,1485315055717,2017-01-25-11-30-55AM,14529.0
2042,1485315055897,2017-01-25-11-30-55AM,13543.0
2043,1485315056079,2017-01-25-11-30-56AM,12722.0
2044,1485315056255,2017-01-25-11-30-56AM,11729.0
